Date,Symbol,Series,Prev Close,Open,High,Low,Last,Close,VWAP,Volume,Turnover,Trades,Deliverable Volume,%Deliverble,Last 5 Day Avg. Vol,Previous-Last 5 Day Avg. Vol,5 Day Price Change(5Day),STD of 100 Day Price Change(5Day),signal,c_signal,exit,return,str_return,cu_str_return,cu_mar_return
2017-11-30,VEDL,EQ,298.35,295.8,298.35,294.0,295.1,295.45,295.59,9258308,273663239575000.0,112061,4628486,0.4999,,,,,0,0,0,,,,
2017-12-01,VEDL,EQ,295.45,297.45,297.45,285.5,285.9,286.7,291.84,8975712,261944865355000.03,81236,3050696,0.33990000000000004,,,,,0,0,0,-0.030063244902359402,-0.0,,
2017-12-04,VEDL,EQ,286.7,289.0,294.5,286.0,290.4,290.05,290.6,8323996,241892967494999.97,73171,3320656,0.39890000000000003,,,,,0,0,0,0.011616949022749262,0.0,,
2017-12-05,VEDL,EQ,290.05,291.0,291.05,285.0,288.2,288.45,287.56,6822921,196198350950000.0,93740,2846221,0.4172,,,,,0,0,0,-0.005531561209174991,-0.0,,
2017-12-06,VEDL,EQ,288.45,282.0,283.15,277.65,281.55,281.8,280.45,14499666,406636637780000.0,118480,6931400,0.478,,,,,0,0,0,-0.023324161238318555,-0.0,,
2017-12-07,VEDL,EQ,281.8,282.25,286.8,280.0,286.15,285.65,283.87,8441309,239624239890000.0,62025,3206923,0.3799,9576120.6,,-13.649999999999977,,0,0,0,0.013569685705891472,0.0,,
2017-12-08,VEDL,EQ,285.65,288.4,296.45,287.0,290.2,291.2,292.65,12565339,367720405050000.0,96000,4100604,0.32630000000000003,9412720.8,,-1.0500000000000114,,0,0,0,0.019243031152059446,0.0,,
2017-12-11,VEDL,EQ,291.2,292.45,294.2,286.0,291.4,291.35,291.01,5696252,165765727220000.0,54171,1922357,0.3375,10130646.2,,1.1499999999999773,,0,0,0,0.0005149772665523489,0.0,,
2017-12-12,VEDL,EQ,291.35,292.0,299.9,292.0,292.2,293.15,296.57,12260950,363625378265000.0,126240,4616389,0.3765,9605097.4,,2.900000000000034,,0,0,0,0.006159129821140628,0.0,,
2017-12-13,VEDL,EQ,293.15,293.4,293.45,281.4,284.0,283.55,287.64,13824171,397633738460000.0,149714,5811499,0.4204,10692703.2,,11.349999999999966,,0,0,0,-0.03329594895018691,-0.0,,
2017-12-14,VEDL,EQ,283.55,285.5,288.05,280.35,284.65,284.55,283.62,8191473,232327466935000.0,71821,2503486,0.3056,10557604.2,9576120.6,-2.099999999999966,,0,0,0,0.0035205105890959857,0.0,,
2017-12-15,VEDL,EQ,284.55,289.95,299.9,289.95,298.85,298.0,297.25,25896065,769771023265000.0,191912,11055086,0.4269,10507637.0,9412720.8,-6.649999999999977,,0,0,0,0.04618450145627142,0.0,,
2017-12-18,VEDL,EQ,298.0,296.0,313.25,286.5,309.45,308.4,306.13,16392365,501817799314999.94,162241,4052638,0.2472,13173782.2,10130646.2,6.649999999999977,,0,0,0,0.034304155183769794,0.0,,
2017-12-19,VEDL,EQ,308.4,310.9,317.05,309.45,316.9,316.25,313.48,12947852,405893044540000.0,147713,3975106,0.307,15313004.8,9605097.4,15.25,,0,0,0,0.025135398352555693,0.0,,
2017-12-20,VEDL,EQ,316.25,316.0,319.45,313.4,317.55,317.25,316.85,7994949,253319390150000.0,80420,1529061,0.1913,15450385.2,10692703.2,32.69999999999999,,0,0,0,0.003157066552767033,0.0,,
2017-12-21,VEDL,EQ,317.25,318.0,320.3,313.5,317.5,317.15,317.2,8013486,254184304405000.03,77887,2015714,0.2515,14284540.8,10557604.2,32.69999999999999,,0,0,0,-0.00031525851459100925,-0.0,,
2017-12-22,VEDL,EQ,317.15,319.25,319.75,312.75,316.55,316.55,316.06,5133366,162247729845000.0,58879,986354,0.19210000000000002,14248943.4,10507637.0,19.149999999999977,,0,0,0,-0.001893641089770516,-0.0,,
2017-12-26,VEDL,EQ,316.55,319.0,323.0,318.25,322.0,321.95,320.82,9229235,296096185630000.0,103600,3863325,0.4186,10096403.6,13173782.2,8.150000000000034,,0,0,0,0.01691504699405699,0.0,,
2017-12-27,VEDL,EQ,321.95,323.55,328.25,320.6,324.7,326.2,325.01,9125155,296580804275000.0,67250,3068999,0.33630000000000004,8663777.6,15313004.8,5.699999999999989,,0,0,0,0.013114436202720988,0.0,,
2017-12-28,VEDL,EQ,326.2,327.5,335.0,327.5,333.05,332.7,332.56,14395582,478745204160000.06,90196,3545743,0.2463,7899238.2,15450385.2,8.949999999999989,,0,0,0,0.019730492837517585,0.0,,
2017-12-29,VEDL,EQ,332.7,334.75,335.5,326.75,330.55,329.9,330.47,6626213,218975709355000.03,56828,1938631,0.2926,9179364.8,14284540.8,15.550000000000011,,0,0,0,-0.008451604789895383,-0.0,,
2018-01-01,VEDL,EQ,329.9,331.0,333.3,323.4,324.6,325.45,327.95,5729566,187898799095000.0,43651,1541384,0.269,8901910.2,14248943.4,13.349999999999966,,0,0,0,-0.01358073821613939,-0.0,,
2018-01-02,VEDL,EQ,325.45,328.0,328.8,318.7,327.05,327.75,325.07,6721641,218499505360000.0,54169,1188724,0.17690000000000003,9021150.2,10096403.6,3.5,,0,0,0,0.007042282625412951,0.0,,
2018-01-03,VEDL,EQ,327.75,330.35,335.25,329.05,332.25,332.5,332.78,8171980,271947465269999.97,76588,2092697,0.2561,8519631.4,8663777.6,1.5500000000000114,,0,0,0,0.01438873745209967,0.0,,
2018-01-04,VEDL,EQ,332.5,335.2,341.5,330.05,341.5,339.1,336.07,8879360,298408891270000.0,79867,3267126,0.3679,8328996.4,7899238.2,-0.19999999999998863,,0,0,0,0.01965518903568417,0.0,,
2018-01-05,VEDL,EQ,339.1,340.5,346.3,338.1,338.85,339.55,341.77,9693755,331300673410000.0,77144,4025387,0.4153,7225752.0,9179364.8,9.200000000000045,,0,0,0,0.001326162428207493,0.0,,
2018-01-08,VEDL,EQ,339.55,339.9,341.7,335.65,340.2,340.25,338.81,5023286,170194888090000.0,40833,1200839,0.2391,7839260.4,8901910.2,14.100000000000023,,0,0,0,0.002059429971775019,0.0,,
2018-01-09,VEDL,EQ,340.25,342.25,342.85,334.55,338.5,337.7,337.62,6677065,225428008950000.0,71302,2991523,0.44799999999999995,7698004.4,9021150.2,12.5,,0,0,0,-0.007522714140053483,-0.0,,
2018-01-10,VEDL,EQ,337.7,339.85,343.5,333.0,334.8,334.8,337.89,7713328,260625009540000.0,72126,2153836,0.2792,7689089.2,8519631.4,5.199999999999989,,0,0,0,-0.008624588776201722,-0.0,,
2018-01-11,VEDL,EQ,334.8,335.0,336.3,331.35,334.6,333.9,333.78,4128265,137793769330000.0,36719,958978,0.2323,7597358.8,8328996.4,-4.300000000000011,,0,0,0,-0.0026917916657115256,-0.0,,
2018-01-12,VEDL,EQ,333.9,337.0,341.45,335.2,338.8,339.55,338.83,8144499,275956902180000.03,54203,1286004,0.15789999999999998,6647139.8,7225752.0,-5.650000000000034,,0,0,0,0.016779664610191695,0.0,,
2018-01-15,VEDL,EQ,339.55,342.0,344.0,337.7,338.0,339.2,341.17,5084069,173451512935000.0,35896,1372460,0.27,6337288.6,7839260.4,-0.6999999999999886,,0,0,0,-0.0010313076420524986,-0.0,,
2018-01-16,VEDL,EQ,339.2,339.8,340.75,325.05,331.15,330.15,331.72,8117693,269277137585000.0,78787,2890597,0.3561,6349445.2,7698004.4,1.5,,0,0,0,-0.027042807277167638,-0.0,,
2018-01-17,VEDL,EQ,330.15,329.9,336.25,322.05,332.9,334.9,330.29,9947827,328565050620000.0,81851,4199839,0.4222,6637570.8,7689089.2,-4.650000000000034,,0,0,0,0.014284883159578439,0.0,,
2018-01-18,VEDL,EQ,334.9,335.9,336.0,323.0,324.9,326.7,328.09,13916937,456598671375000.0,144992,7391570,0.5311,7084470.6,7597358.8,1.0,,0,0,0,-0.02478966119313438,-0.0,,
2018-01-19,VEDL,EQ,326.7,326.5,333.7,323.1,332.45,331.65,328.0,7650044,250923970930000.03,89240,2320263,0.3033,9042205.0,6647139.8,-12.850000000000023,,0,0,0,0.015037877364540502,0.0,,
2018-01-22,VEDL,EQ,331.65,332.5,332.7,324.5,327.9,326.95,326.67,7508442,245279983690000.0,60998,3961407,0.5276,8943314.0,6337288.6,-7.550000000000011,,0,0,0,-0.014272941964279978,-0.0,,
2018-01-23,VEDL,EQ,326.95,328.1,349.95,328.1,344.0,343.5,342.93,18222487,624898172190000.0,175215,4610412,0.253,9428188.6,6349445.2,-3.1999999999999886,,0,0,0,0.049379857655119215,0.0,,
2018-01-24,VEDL,EQ,343.5,343.4,347.4,337.6,337.85,340.0,342.44,11024875,377531879240000.0,106066,4513309,0.4094,11449147.4,6637570.8,8.600000000000023,,0,0,0,-0.010241494052196907,-0.0,,
2018-01-25,VEDL,EQ,340.0,338.9,352.05,338.8,345.4,345.6,347.11,13605990,472279361910000.06,114858,5148691,0.37840000000000007,11664557.0,7084470.6,13.300000000000011,,0,0,0,0.0163364193196936,0.0,,
2018-01-29,VEDL,EQ,345.6,348.35,355.7,342.45,345.9,345.0,351.17,13215637,464091754470000.0,121383,4014055,0.3037,11602367.6,9042205.0,13.950000000000045,,0,0,0,-0.0017376198985408486,-0.0,,
2018-01-30,VEDL,EQ,345.0,344.9,344.9,337.1,341.8,341.3,341.1,7382593,251823587050000.0,88866,2351214,0.3185,12715486.2,8943314.0,18.05000000000001,,0,0,0,-0.010782561118698367,-0.0,,
2018-01-31,VEDL,EQ,341.3,342.0,346.45,335.25,340.9,340.35,341.24,8287707,282807869670000.0,81001,2055328,0.24800000000000003,12690316.4,9428188.6,-2.1999999999999886,,0,0,0,-0.0027873560187009097,-0.0,,
2018-02-01,VEDL,EQ,340.35,340.0,346.2,329.8,343.05,341.45,337.28,15344365,517527242770000.0,172431,5044102,0.3287,10703360.4,11449147.4,0.35000000000002274,,0,0,0,0.0032267555131377194,0.0,,
2018-02-02,VEDL,EQ,341.45,337.4,345.95,331.3,332.5,334.3,339.51,11879455,403321532030000.0,121977,2937383,0.24730000000000002,11567258.4,11664557.0,-4.150000000000034,,0,0,0,-0.021162461981045235,-0.0,,
2018-02-05,VEDL,EQ,334.3,325.0,332.9,313.5,332.75,328.85,324.67,12360798,401313083995000.0,104831,3860697,0.3123,11221951.4,11602367.6,-10.699999999999989,,0,0,0,-0.016437073678692887,-0.0,,
2018-02-06,VEDL,EQ,328.85,311.1,328.85,309.7,323.6,321.65,317.68,12008404,381477532105000.0,116198,3582140,0.2983,11050983.6,12715486.2,-12.449999999999989,,0,0,0,-0.022137721890350796,-0.0,,
2018-02-07,VEDL,EQ,321.65,326.5,331.0,312.6,313.2,315.7,319.63,16798249,536914863630000.0,118510,5385165,0.32060000000000005,11976145.8,12690316.4,-18.700000000000045,,0,0,0,-0.01867160229306341,-0.0,,
2018-02-08,VEDL,EQ,315.7,312.5,318.6,305.15,315.65,314.45,311.68,16604938,517541366555000.0,123373,3488465,0.2101,13678254.2,10703360.4,-25.75,,0,0,0,-0.003967314574433569,-0.0,,
2018-02-09,VEDL,EQ,314.45,307.05,321.0,306.1,316.4,316.3,314.52,9515144,299266955050000.0,92149,1703244,0.179,13930368.8,11567258.4,-19.850000000000023,,0,0,0,0.005866049322090955,0.0,,
2018-02-12,VEDL,EQ,316.3,319.95,319.95,312.6,315.2,315.55,315.8,9097394,287292018455000.0,74834,2754433,0.3028,13457506.6,11221951.4,-12.550000000000011,,0,0,0,-0.0023739822813546208,-0.0,,
2018-02-14,VEDL,EQ,315.55,320.25,323.4,311.9,312.65,315.75,320.06,7154264,228977005869999.97,85644,1948146,0.2723,12804825.8,11050983.6,-6.099999999999966,,0,0,0,0.0006336132003519345,0.0,,
2018-02-15,VEDL,EQ,315.75,320.1,328.35,320.05,324.2,324.4,324.98,11559723,375666099970000.0,89508,2173894,0.1881,11833997.8,11976145.8,0.05000000000001137,,0,0,0,0.02702656101065734,0.0,,
2018-02-16,VEDL,EQ,324.4,329.9,329.9,316.0,320.0,319.75,321.37,9116738,292988521440000.0,77559,1852164,0.20320000000000002,10786292.6,13678254.2,9.949999999999989,,0,0,0,-0.014437881782305704,-0.0,,
2018-02-19,VEDL,EQ,319.75,321.1,324.5,314.1,321.55,320.35,319.38,8642478,276022027669999.97,58825,2043506,0.2364,9288652.6,13930368.8,3.4499999999999886,,0,0,0,0.0018747076260785505,0.0,,
2018-02-20,VEDL,EQ,320.35,321.0,331.0,320.0,329.0,328.7,327.41,11395413,373097922955000.0,114379,3093446,0.2715,9114119.4,13457506.6,4.800000000000011,,0,0,0,0.02573133258514296,0.0,,
2018-02-21,VEDL,EQ,328.7,330.0,331.0,320.9,329.0,327.6,324.72,12281795,398815478840000.0,113523,5839369,0.4754,9573723.2,12804825.8,12.949999999999989,,0,0,0,-0.003352128691259213,-0.0,,
2018-02-22,VEDL,EQ,327.6,325.3,330.55,322.0,328.7,328.65,327.75,17254470,565521425965000.0,85099,10004942,0.5798,10599229.4,11833997.8,3.2000000000000455,,0,0,0,0.003200002730670628,0.0,,
2018-02-23,VEDL,EQ,328.65,330.05,340.75,327.15,338.7,337.9,335.91,11270987,378608927670000.0,113959,3454188,0.3065,11738178.8,10786292.6,8.899999999999977,,0,0,0,0.027756639010659053,0.0,,
2018-02-26,VEDL,EQ,337.9,339.4,345.0,339.0,342.0,343.15,342.67,8842289,302999917050000.0,81595,3380885,0.3824,12169028.6,9288652.6,17.549999999999955,,0,0,0,0.015417675634399403,0.0,,
2018-02-27,VEDL,EQ,343.15,343.5,344.85,338.0,341.5,340.6,340.8,4697935,160104173830000.0,43684,1245122,0.265,12208990.8,9114119.4,14.449999999999989,,0,0,0,-0.007458901126055653,-0.0,,
2018-02-28,VEDL,EQ,340.6,338.7,338.7,327.0,330.0,329.75,332.33,10566570,351156585655000.0,118362,5172037,0.48950000000000005,10869495.2,9573723.2,13.0,,0,0,0,-0.03237397663116402,-0.0,,
2018-03-01,VEDL,EQ,329.75,327.2,333.65,321.7,322.5,323.25,327.83,8160931,267539503344999.97,67631,2754897,0.3376,10526450.2,10599229.4,1.1000000000000227,,0,0,0,-0.019908773945457165,-0.0,,
2018-03-05,VEDL,EQ,323.25,319.0,321.25,310.55,315.0,315.9,316.01,9269131,292914166565000.0,85194,2286442,0.24670000000000003,8707742.4,11738178.8,-14.649999999999977,,0,0,0,-0.023000309843927386,-0.0,,
2018-03-06,VEDL,EQ,315.9,318.3,327.45,311.1,312.45,313.45,320.84,11634001,373263758070000.0,95327,2453897,0.2109,8307371.2,12169028.6,-27.25,,0,0,0,-0.007785850088061935,-0.0,,
2018-03-07,VEDL,EQ,313.45,312.6,313.4,303.2,310.15,309.35,307.68,12198965,375338344395000.0,83642,4230372,0.3468,8865713.6,12208990.8,-27.150000000000034,,0,0,0,-0.013166535742979624,-0.0,,
2018-03-08,VEDL,EQ,309.35,313.9,317.0,301.85,307.65,308.4,308.49,9818423,302891803655000.0,68225,3048212,0.3105,10365919.6,10869495.2,-20.399999999999977,,0,0,0,-0.003075680287823515,-0.0,,
2018-03-09,VEDL,EQ,308.4,311.8,316.4,302.55,305.0,304.15,309.26,13854157,428447823760000.0,93776,2967248,0.21420000000000003,10216290.2,10526450.2,-14.850000000000023,,0,0,0,-0.013876640922460026,-0.0,,
2018-03-12,VEDL,EQ,304.15,308.3,318.75,305.6,316.55,317.4,312.44,11167602,348924054770000.0,79096,3278666,0.2936,11354935.4,8707742.4,-11.75,,0,0,0,0.04264180732559426,0.0,,
2018-03-13,VEDL,EQ,317.4,315.0,324.0,312.0,319.65,321.05,319.64,17819886,569602652380000.0,105113,5583877,0.3134,11734629.6,8307371.2,3.9499999999999886,,0,0,0,0.011434066147748806,0.0,,
2018-03-14,VEDL,EQ,321.05,319.55,323.1,315.7,319.05,318.95,319.33,10148672,324078721180000.0,64657,3406962,0.3357,12971806.6,8865713.6,11.699999999999989,,0,0,0,-0.006562523552093079,-0.0,,
2018-03-15,VEDL,EQ,318.95,319.7,320.8,315.0,316.0,316.95,317.22,9166951,290797422925000.0,54594,3957588,0.43170000000000003,12561748.0,10365919.6,10.550000000000011,,0,0,0,-0.006290317957788898,-0.0,,
2018-03-16,VEDL,EQ,316.95,317.0,317.0,306.8,310.75,308.9,311.48,13398137,417331454520000.0,95295,7748956,0.5784,12431453.6,10216290.2,12.800000000000011,,0,0,0,-0.025726432805639375,-0.0,,
2018-03-19,VEDL,EQ,308.9,311.45,313.6,304.0,308.5,307.2,307.23,10063284,309170016855000.0,66565,4009923,0.3985,12340249.6,11354935.4,-8.5,,0,0,0,-0.00551859865101893,-0.0,,
2018-03-20,VEDL,EQ,307.2,284.8,293.1,283.75,288.15,287.1,289.16,14598256,422121674385000.0,105188,3643797,0.24960000000000002,12119386.0,11734629.6,-13.850000000000023,,0,0,0,-0.06766841414649871,-0.0,,
2018-03-21,VEDL,EQ,287.1,290.0,293.5,282.5,285.9,285.75,288.04,11337441,326568368015000.0,102127,3215710,0.2836,11475060.0,12971806.6,-31.849999999999966,,0,0,0,-0.0047132844520983135,-0.0,,
2018-03-22,VEDL,EQ,285.75,288.8,294.2,285.9,290.45,291.8,290.24,12008468,348527954365000.0,101393,3829257,0.3189,11712813.8,12561748.0,-31.19999999999999,,0,0,0,0.020951333413765347,0.0,,
2018-03-23,VEDL,EQ,291.8,284.25,285.5,274.3,275.4,276.0,279.14,13290580,370997553475000.0,103992,4913875,0.3697,12281117.2,12431453.6,-17.099999999999966,,0,0,0,-0.0556677703715353,-0.0,,
2018-03-26,VEDL,EQ,276.0,276.4,286.0,268.75,285.5,283.3,275.79,14875633,410248430760000.0,112714,5655237,0.38020000000000004,12259605.8,12340249.6,-31.19999999999999,,0,0,0,0.026105541119320917,0.0,,
2018-03-27,VEDL,EQ,283.3,288.0,289.9,283.7,287.5,287.0,287.11,10333840,296695689460000.0,73916,3308272,0.3201,13222075.6,12119386.0,-3.8000000000000114,,0,0,0,0.012975808923150096,0.0,,
2018-03-28,VEDL,EQ,287.0,283.95,285.95,276.65,279.05,277.85,280.71,14701677,412691835130000.0,106090,7377336,0.5018,12369192.4,11475060.0,1.25,,0,0,0,-0.0324008160336908,-0.0,,
2018-04-02,VEDL,EQ,277.85,284.0,284.9,277.45,282.1,282.3,281.39,6555940,184477531515000.0,80809,1183845,0.18059999999999998,13042039.6,11712813.8,-13.949999999999989,,0,0,0,0.015888935533513403,0.0,,
2018-04-03,VEDL,EQ,282.3,279.0,284.7,278.55,283.5,283.2,281.63,9718071,273690982944999.97,70061,2954104,0.304,11951534.0,12281117.2,6.300000000000011,,0,0,0,0.0031830265601208913,0.0,,
2018-04-04,VEDL,EQ,283.2,284.45,289.8,271.5,271.9,274.3,282.91,12818170,362639931640000.0,113219,4255331,0.332,11237032.2,12259605.8,-0.10000000000002274,,0,0,0,-0.031930963876007044,-0.0,,
2018-04-05,VEDL,EQ,274.3,280.6,291.75,280.2,289.55,289.9,286.58,15456965,442958679860000.06,98903,4378022,0.2832,10825539.6,13222075.6,-12.699999999999989,,0,0,0,0.055313637984052186,0.0,,
2018-04-06,VEDL,EQ,289.9,286.0,287.6,281.5,284.9,285.05,284.89,9519156,271193779419999.97,65821,1640284,0.1723,11850164.6,12369192.4,12.049999999999955,,0,0,0,-0.016871432450018795,-0.0,,
2018-04-09,VEDL,EQ,285.05,283.7,289.4,280.0,281.45,281.35,283.52,11022862,312524289740000.0,92069,2742476,0.2488,10813660.4,13042039.6,2.75,,0,0,0,-0.01306515759830281,-0.0,,
2018-04-10,VEDL,EQ,281.35,291.0,292.0,283.2,284.8,284.1,286.03,12178281,348332842190000.0,94402,2941585,0.2415,11707044.8,11951534.0,-1.849999999999966,,0,0,0,0.009726842980854267,0.0,,
2018-04-11,VEDL,EQ,284.1,290.1,297.7,287.35,297.15,296.8,293.41,22771881,668148625040000.0,160053,5599793,0.2459,12199086.8,11237032.2,9.800000000000011,,0,0,0,0.043732222433083105,0.0,,
2018-04-12,VEDL,EQ,296.8,296.0,296.45,287.0,289.7,288.7,291.77,10682208,311672668440000.0,94800,3268125,0.3059,14189829.0,10825539.6,6.900000000000034,,0,0,0,-0.02767042462433602,-0.0,,
2018-04-13,VEDL,EQ,288.7,291.15,294.7,288.5,292.0,291.65,291.88,11510464,335964081870000.0,80726,2545429,0.2211,13234877.6,11850164.6,3.6499999999999773,,0,0,0,0.010166366530757148,0.0,,
2018-04-16,VEDL,EQ,291.65,288.05,291.95,286.65,290.35,290.3,289.06,7545130,218100393835000.0,61698,2128661,0.2821,13633139.2,10813660.4,10.299999999999955,,0,0,0,-0.004639582169062344,-0.0,,
2018-04-17,VEDL,EQ,290.3,293.4,295.25,287.4,288.1,288.8,290.54,9828946,285573707090000.0,73251,2205784,0.22440000000000002,12937592.8,11707044.8,6.199999999999989,,0,0,0,-0.005180464011913061,-0.0,,
2018-04-18,VEDL,EQ,288.8,293.0,294.0,289.4,292.1,291.1,292.04,14009181,409121099155000.0,83250,4594748,0.32799999999999996,12467725.8,12199086.8,-8.0,,0,0,0,0.00793244373290644,0.0,,
2018-04-19,VEDL,EQ,291.1,296.75,313.5,296.75,310.45,311.7,307.07,31082632,954450593450000.0,199616,6991620,0.2249,10715185.8,14189829.0,2.400000000000034,,0,0,0,0.06837433602171385,0.0,,
2018-04-20,VEDL,EQ,311.7,305.45,309.75,303.0,309.0,308.6,306.41,13535858,414758238645000.0,98288,3308243,0.2444,14795270.6,13234877.6,20.05000000000001,,0,0,0,-0.009995246844230823,-0.0,,
2018-04-23,VEDL,EQ,308.6,307.7,311.45,304.0,304.3,305.05,307.58,7058597,217109229544999.97,54234,1639135,0.2322,15200349.4,13633139.2,18.30000000000001,,0,0,0,-0.011570242331199054,-0.0,,
2018-04-24,VEDL,EQ,305.05,293.0,299.8,288.0,298.65,297.4,294.71,14885085,438676691180000.0,110368,2537193,0.1705,15103042.8,12937592.8,16.25,,0,0,0,-0.02539766357180684,-0.0,,
2018-04-25,VEDL,EQ,297.4,296.6,297.55,288.2,288.5,290.2,292.22,8297914,242481167910000.0,78672,2011230,0.24239999999999998,16114270.6,12467725.8,6.2999999999999545,,0,0,0,-0.02450769357596714,-0.0,,
2018-04-26,VEDL,EQ,290.2,291.5,293.75,287.6,290.0,290.3,290.29,11827702,343345242955000.0,84900,5537520,0.4682,14972017.2,10715185.8,-21.5,,0,0,0,0.000344530580496852,0.0,,
2018-04-27,VEDL,EQ,290.3,293.0,296.5,290.05,294.1,294.05,293.15,6853011,200895994315000.0,55245,1497957,0.2186,11121031.2,14795270.6,-18.30000000000001,,0,0,0,0.012834949875380868,0.0,0.0,-0.0047497968857181366
2018-04-30,VEDL,EQ,294.05,295.4,302.25,293.1,298.45,298.4,298.76,6843221,204448400895000.0,71369,1438812,0.21030000000000001,9784461.8,15200349.4,-11.0,,0,0,0,0.014685047423640699,0.0,0.0,0.009935250537922562
2018-05-02,VEDL,EQ,298.4,296.65,296.65,282.3,283.55,283.4,287.25,12277622,352680499065000.0,116234,4362901,0.3554,9741386.6,15103042.8,1.0,,0,0,0,-0.0515755410730257,-0.0,0.0,-0.04164029053510314
2018-05-03,VEDL,EQ,283.4,283.95,288.75,277.35,287.0,286.2,283.5,13002792,368622701935000.0,90290,2536650,0.19510000000000002,9219894.0,16114270.6,-6.800000000000011,,0,0,0,0.009831539865770582,0.0,0.0,-0.03180875066933256
2018-05-04,VEDL,EQ,286.2,289.45,290.7,279.0,279.5,281.65,284.57,16087098,457789226350000.0,133067,3552335,0.2208,10160869.6,14972017.2,-4.100000000000023,13.357621968242121,0,0,0,-0.016025701781627624,-0.0,0.0,-0.047834452450960185
2018-05-07,VEDL,EQ,281.65,283.0,289.4,282.0,284.6,285.45,286.19,8242354,235886464615000.0,74174,2014703,0.2444,11012748.8,11121031.2,-12.400000000000034,13.345285277633224,0,0,0,0.013401717069545334,0.0,0.0,-0.03443273538141485
2018-05-08,VEDL,EQ,285.45,286.4,287.45,281.6,282.55,282.9,283.94,7858792,223140808469999.97,87586,2803241,0.3567,11290617.4,9784461.8,-12.949999999999989,13.407890739818436,0,0,0,-0.008973404102746697,-0.0,0.0,-0.04340613948416155
2018-05-09,VEDL,EQ,282.9,283.0,290.4,282.1,283.25,283.15,285.71,10284823,293846201610000.0,92364,3073621,0.2989,11493731.6,9741386.6,-0.5,13.40736150121426,0,0,0,0.0008833142522924001,0.0,0.0,-0.04252282523186915
2018-05-10,VEDL,EQ,283.15,284.75,285.5,278.5,279.8,279.7,281.11,8814612,247790495515000.0,92440,2842630,0.3225,11095171.8,9219894.0,-3.0500000000000114,13.407075726848657,0,0,0,-0.012259192351899893,-0.0,0.0,-0.05478201758376904
2018-05-11,VEDL,EQ,279.7,282.9,287.3,278.6,286.9,286.95,283.7,9774064,277292304325000.0,70887,3419965,0.34990000000000004,10257535.8,10160869.6,-1.9499999999999886,13.35753382359501,0,0,0,0.025590384346457447,0.0,0.0,-0.029191633237311596
2018-05-14,VEDL,EQ,286.95,288.0,288.35,280.55,282.9,282.1,283.58,7062942,200291282985000.0,53320,2303723,0.3262,8994929.0,11012748.8,1.5,13.35748890504816,0,0,0,-0.01704636654642086,-0.0,0.0,-0.046237999783732456
2018-05-15,VEDL,EQ,282.1,282.95,285.5,278.1,281.7,281.7,281.83,15412120,434353960739999.94,107467,7670978,0.49770000000000003,8759046.6,11290617.4,-0.7999999999999545,13.342046433373813,0,0,0,-0.001418943125623844,-0.0,0.0,-0.0476569429093563
2018-05-16,VEDL,EQ,281.7,281.65,284.0,276.5,278.7,278.8,279.76,10781519,301619664045000.0,87441,4286745,0.3976,10269712.2,11493731.6,-1.4499999999999886,13.324573107039804,0,0,0,-0.01034799599595807,-0.0,0.0,-0.05800493890531437
2018-05-17,VEDL,EQ,278.8,283.2,283.95,275.3,277.2,276.95,277.99,9379615,260748211794999.97,74552,3207252,0.3419,10369051.4,11095171.8,-0.8999999999999773,13.231893469869673,0,0,0,-0.006657694407255984,-0.0,0.0,-0.06466263331257036
2018-05-18,VEDL,EQ,276.95,278.2,278.5,269.35,270.3,270.3,273.0,8928454,243744929055000.03,101192,3660515,0.41000000000000003,10482052.0,10257535.8,-10.0,12.834339698833377,0,0,0,-0.02430453119671093,-0.0,0.0,-0.08896716450928129
2018-05-21,VEDL,EQ,270.3,270.3,273.25,261.05,264.75,263.85,265.3,9703835,257444939965000.0,82005,3410856,0.3515,10312930.0,8994929.0,-11.800000000000011,12.423278197062807,0,0,0,-0.024151693430724996,-0.0,0.0,-0.11311885794000628
2018-05-22,VEDL,EQ,263.85,264.9,270.9,261.5,269.55,269.95,266.1,8021927,213466259225000.0,100640,2700533,0.33659999999999995,10841108.6,8759046.6,-17.849999999999966,12.35823255440222,0,0,0,0.022855996812619052,0.0,0.0,-0.09026286112738724
2018-05-23,VEDL,EQ,269.95,263.4,263.5,250.2,250.5,252.65,257.34,18226457,469034495375000.0,142212,5238589,0.2874,9363070.0,10269712.2,-8.850000000000023,12.338395470148367,0,0,0,-0.06623162492637834,-0.0,0.0,-0.1564944860537656
2018-05-24,VEDL,EQ,252.65,252.2,253.25,240.15,251.0,250.6,248.18,20219901,501815246864999.94,180608,5545926,0.2743,10852057.6,10369051.4,-24.299999999999983,12.516120625219719,0,0,0,-0.008147089275949699,-0.0,0.0,-0.1646415753297153
2018-05-25,VEDL,EQ,250.6,247.3,256.75,241.2,252.25,251.8,247.45,27429408,678737534940000.0,236720,6811438,0.2483,13020114.8,10482052.0,-19.700000000000017,12.586909826875655,0,0,0,0.004777079148278907,0.0,0.0,-0.1598644961814364
2018-05-28,VEDL,EQ,251.8,253.35,255.25,245.6,253.5,253.65,252.47,9732030,245704074980000.03,86390,2958394,0.304,16720305.6,10312930.0,-12.050000000000011,12.490502412034932,0,0,0,0.007320242402452289,0.0,0.0,-0.1525442537789841
2018-05-29,VEDL,EQ,253.65,240.0,255.0,237.9,252.65,253.25,248.98,32936741,820051602070000.0,248333,6460273,0.1961,16725944.6,10841108.6,-16.299999999999983,12.456954357654475,0,0,0,-0.001578220883906297,-0.0,0.0,-0.1541224746628904
2018-05-30,VEDL,EQ,253.25,245.0,252.85,244.4,250.25,251.1,250.21,16362468,409404826455000.0,113999,6664602,0.4073,21708907.4,9363070.0,0.5999999999999943,12.444991071823946,0,0,0,-0.008525876965253443,-0.0,0.0,-0.16264835162814384
2018-05-31,VEDL,EQ,251.1,250.5,252.85,246.25,250.0,248.3,248.63,29327091,729164814850000.0,152180,18564584,0.633,21336109.6,10852057.6,0.5,12.441513679061023,0,0,0,-0.011213573649418296,-0.0,0.0,-0.17386192527756214
2018-06-01,VEDL,EQ,248.3,248.0,258.4,246.5,248.0,248.25,252.84,18640874,471318501275000.0,139804,5049932,0.27090000000000003,23157547.6,13020114.8,-3.5,12.438227203247088,0,0,0,-0.00020138958883897525,-0.0,0.0,-0.17406331486640111
2018-06-04,VEDL,EQ,248.25,248.75,249.45,244.5,245.2,246.75,247.51,11484275,284249915840000.0,91826,4988694,0.4344,21399840.8,16720305.6,-5.400000000000006,12.378016069555803,0,0,0,-0.006060624611690958,-0.0,0.0,-0.18012393947809208
2018-06-05,VEDL,EQ,246.75,246.25,247.5,242.5,246.55,246.25,245.68,8543831,209906939870000.0,59807,2855694,0.3342,21750289.8,16725944.6,-6.5,12.257367399060675,0,0,0,-0.0020283982613927207,-0.0,0.0,-0.1821523377394848
2018-06-06,VEDL,EQ,246.25,246.35,248.6,242.2,246.2,246.45,246.24,19831399,488318933889999.94,110217,10456660,0.5273,16871707.8,21708907.4,-4.849999999999994,12.151727347387794,0,0,0,0.0008118530991884824,0.0,0.0,-0.1813404846402963
2018-06-07,VEDL,EQ,246.45,248.55,256.5,245.9,248.5,247.2,249.87,29651967,740925711005000.0,145567,11744800,0.3961,17565494.0,21336109.6,-1.8500000000000227,12.120459328896501,0,0,0,0.0030385924321490133,0.0,0.0,-0.1783018922081473
2018-06-08,VEDL,EQ,247.2,247.2,247.9,242.55,245.55,246.3,245.92,10413596,256092569965000.0,82791,4739991,0.45520000000000005,17630469.2,23157547.6,-1.0500000000000114,12.123161435113287,0,0,0,-0.00364742045704342,-0.0,0.0,-0.1819493126651907
2018-06-11,VEDL,EQ,246.3,246.3,248.0,245.05,246.15,246.1,246.42,17253950,425164150850000.0,67005,11574966,0.6709,15985013.6,21399840.8,-0.44999999999998863,12.125676269800373,0,0,0,-0.0008123477294821431,-0.0,0.0,-0.18276166039467284
2018-06-12,VEDL,EQ,246.1,246.5,247.25,243.35,245.5,245.5,245.34,9625030,236144967294999.97,89664,4804043,0.4991,17138948.6,21750289.8,-0.15000000000000568,12.127131656835516,0,0,0,-0.002441010162434853,-0.0,0.0,-0.1852026705571077
2018-06-13,VEDL,EQ,245.5,245.7,245.7,241.5,243.0,243.1,243.34,11470921,279128944850000.0,70251,6673662,0.5818,17355188.4,16871707.8,-0.9499999999999886,12.119198507935556,0,0,0,-0.009824065912497638,-0.0,0.0,-0.19502673646960533
2018-06-14,VEDL,EQ,243.1,241.0,243.5,239.1,240.05,240.05,241.82,8930060,215942291255000.03,56383,3584081,0.40140000000000003,15683092.8,17565494.0,-4.099999999999994,12.118852747648674,0,0,0,-0.012625646345128222,-0.0,0.0,-0.20765238281473355
2018-06-15,VEDL,EQ,240.05,241.0,241.0,234.0,236.65,238.6,238.69,24482557,584368981685000.0,142166,13467258,0.5501,11538711.4,17630469.2,-6.25,12.112631554778593,0,0,0,-0.006058725313133683,-0.0,0.0,-0.21371110812786723
2018-06-18,VEDL,EQ,238.6,236.0,236.0,228.65,231.55,232.2,231.7,15575678,360887530420000.0,148430,5904510,0.3791,14352503.6,15985013.6,-7.5,12.083546748376568,0,0,0,-0.027189440400024644,-0.0,0.0,-0.24090054852789186
2018-06-19,VEDL,EQ,232.2,228.95,229.85,221.6,224.05,224.3,225.79,22092589,498820987964999.94,180266,10670594,0.483,14016849.2,17138948.6,-13.300000000000011,12.115992217901196,1,1,1,-0.03461462773762837,-0.03461462773762837,-0.03461462773762837,-0.27551517626552025
2018-06-20,VEDL,EQ,224.3,226.0,230.15,225.25,228.15,228.7,228.47,17011598,388667144805000.0,148423,6749682,0.3968,16510361.0,17355188.4,-18.799999999999983,12.209628372722893,1,1,2,0.019426659502572722,0.019426659502572722,-0.015187968235055648,-0.2560885167629475
2018-06-21,VEDL,EQ,228.7,227.5,230.8,226.0,228.8,229.05,229.41,16864366,386877410165000.0,122852,8549227,0.5069,17618496.4,15683092.8,-11.350000000000023,12.167050637361593,0,1,3,0.0015292193040158033,0.0015292193040158033,-0.013658748931039844,-0.25455929745893174
2018-06-22,VEDL,EQ,229.05,228.05,229.85,226.55,228.75,228.55,228.43,15062203,344067578045000.0,102184,8664515,0.5752,19205357.6,11538711.4,-9.549999999999983,12.051941993225851,0,1,4,-0.0021853155549977693,-0.0021853155549977693,-0.015844064486037614,-0.25674461301392953
2018-06-25,VEDL,EQ,228.55,229.0,239.5,229.0,230.2,230.65,233.37,40657710,948832298220000.1,176295,19766294,0.48619999999999997,17321286.8,14352503.6,-3.6499999999999773,11.910737230064152,0,1,5,0.009146405226076203,0.009146405226076203,-0.006697659259961412,-0.24759820778785332
2018-06-26,VEDL,EQ,230.65,228.8,233.4,225.55,231.0,231.45,229.88,13407360,308211491340000.0,110316,4546543,0.33909999999999996,22337693.2,14016849.2,6.349999999999994,11.743735177067421,0,0,0,0.003462457473449971,0.0,-0.006697659259961412,-0.24413575031440335
2018-06-27,VEDL,EQ,231.45,233.0,233.25,228.15,230.15,230.1,229.53,12766494,293023608625000.0,81312,6816975,0.534,20600647.4,16510361.0,2.75,11.764246295835989,0,0,0,-0.0058498704359592835,-0.0,-0.006697659259961412,-0.24998562075036262
2018-06-28,VEDL,EQ,230.1,231.0,233.6,229.5,230.2,230.0,230.65,12656271,291915444545000.0,75372,6492412,0.513,19751626.6,17618496.4,1.049999999999983,11.76738237157218,0,0,0,-0.0004346881181247725,-0.0,-0.006697659259961412,-0.2504203088684874
2018-06-29,VEDL,EQ,230.0,228.0,237.85,228.0,236.2,236.2,234.53,11526273,270328647535000.0,127077,4253013,0.369,18910007.6,19205357.6,1.4499999999999886,11.782452240857191,0,0,0,0.026599594840066448,0.0,-0.006697659259961412,-0.22382071402842094
2018-07-02,VEDL,EQ,236.2,234.75,243.8,228.3,237.35,239.85,234.97,17820231,418728138800000.0,141791,4604793,0.2584,18202821.6,17321286.8,5.549999999999983,11.807539653829986,0,0,0,0.015334824184811104,0.0,-0.006697659259961412,-0.20848588984360983
2018-07-03,VEDL,EQ,239.85,236.2,236.2,230.05,231.0,231.05,231.93,15851682,367646057375000.0,123937,3675999,0.23190000000000002,13635325.8,22337693.2,8.400000000000006,11.84613289839619,0,0,0,-0.03737959063179741,-0.0,-0.006697659259961412,-0.24586548047540724
2018-07-04,VEDL,EQ,231.05,229.45,229.45,225.2,228.0,228.05,227.48,11756061,267425461785000.0,83558,3571205,0.3038,14124190.2,20600647.4,0.950000000000017,11.763994578133028,0,0,0,-0.013069234158565923,-0.0,-0.006697659259961412,-0.25893471463397316
2018-07-05,VEDL,EQ,228.05,227.0,227.0,219.0,219.2,221.3,222.59,12643742,281431310275000.0,102680,5078834,0.4017,13922103.6,19751626.6,-1.9499999999999886,11.556220186548881,0,0,0,-0.03004565610070545,-0.0,-0.006697659259961412,-0.28898037073467864
2018-07-06,VEDL,EQ,221.3,219.0,224.7,216.55,219.05,219.1,220.54,14107005,311109572360000.0,95051,5132255,0.3638,13919597.8,18910007.6,-14.899999999999977,11.496590799015152,1,1,1,-0.009991000455583236,-0.009991000455583236,-0.016688659715544646,-0.29897137119026185
2018-07-09,VEDL,EQ,219.1,222.25,227.55,221.1,225.0,226.6,224.72,10712428,240731172469999.97,85715,2781995,0.2597,14435744.2,18202821.6,-20.75,11.589907835542242,1,1,2,0.03365810199248518,0.03365810199248518,0.016969442276940534,-0.26531326919777665
2018-07-10,VEDL,EQ,226.6,227.05,228.0,224.85,226.0,226.05,226.34,8513918,192699952560000.0,97954,2864727,0.33649999999999997,13014183.6,13635325.8,-4.450000000000017,11.587610710137652,0,1,3,-0.0024301348532916704,-0.0024301348532916704,0.014539307423648864,-0.26774340405106833
2018-07-11,VEDL,EQ,226.05,222.9,222.9,216.25,218.2,218.1,219.05,16370691,358597640205000.0,160989,6318255,0.3859,11546630.8,14124190.2,-2.0,11.582776311001904,0,1,4,-0.03580254053303086,-0.03580254053303086,-0.021263233109382,-0.3035459445840992
2018-07-12,VEDL,EQ,218.1,218.5,221.0,211.0,211.85,211.4,215.9,16378996,353626291140000.0,129812,4966998,0.3033,12469556.8,13922103.6,-3.200000000000017,11.500712000356819,0,1,5,-0.031201599771446025,-0.031201599771446025,-0.052464832880828025,-0.33474754435554527
2018-07-13,VEDL,EQ,211.4,213.0,213.45,209.1,210.05,210.45,211.04,10718429,226199579585000.0,99377,3175368,0.2963,13216607.6,13919597.8,-7.699999999999989,11.48353942727492,0,0,0,-0.004503978219557716,-0.0,-0.052464832880828025,-0.339251522575103
2018-07-16,VEDL,EQ,210.45,211.5,212.0,204.8,206.0,206.4,209.4,9413761,197128416755000.0,82368,2351408,0.24980000000000002,12538892.4,14435744.2,-16.150000000000006,11.513670782986186,1,1,1,-0.019432061609171918,-0.019432061609171918,-0.07189689448999995,-0.35868358418427493
2018-07-17,VEDL,EQ,206.4,206.0,212.35,203.2,210.25,210.1,209.02,7590806,158663452905000.0,72390,1638683,0.2159,12279159.0,13014183.6,-19.650000000000006,11.486310813795303,1,1,2,0.017767574243546986,0.017767574243546986,-0.054129320246452964,-0.34091600994072796
2018-07-18,VEDL,EQ,210.1,210.0,210.65,202.0,203.9,203.7,205.55,7846762,161289874535000.0,81927,2150077,0.27399999999999997,12094536.6,11546630.8,-8.0,11.465367031264893,0,1,3,-0.03093528461819458,-0.03093528461819458,-0.08506460486464754,-0.3718512945589225
2018-07-19,VEDL,EQ,203.7,205.35,211.25,201.55,208.2,208.2,207.75,12107204,251530362250000.0,99645,1441201,0.11900000000000001,10389750.8,12469556.8,-7.700000000000017,11.388130128703423,0,1,4,0.021850832948108297,0.021850832948108297,-0.06321377191653924,-0.3500004616108142
2018-07-20,VEDL,EQ,208.2,206.05,206.55,200.65,203.0,202.4,202.81,9115587,184872026220000.0,78474,1899280,0.2084,9535392.4,13216607.6,-2.25,11.166526220283668,0,1,5,-0.028253218767557924,-0.028253218767557924,-0.09146699068409717,-0.37825368037837215
2018-07-23,VEDL,EQ,202.4,204.0,213.4,200.7,210.7,211.6,206.75,8931165,184647676475000.0,68020,1577697,0.17670000000000002,9214824.0,12538892.4,-4.0,10.99392894907792,0,0,0,0.044451762570833796,0.0,-0.09146699068409717,-0.3338019178075384
2018-07-24,VEDL,EQ,211.6,209.0,220.0,208.0,215.65,216.25,216.51,15754032,341096634690000.0,124074,5886971,0.3737,9118304.8,12279159.0,1.5,10.86173033446263,0,0,0,0.021737445827844402,0.0,-0.09146699068409717,-0.31206447197969395
2018-07-25,VEDL,EQ,216.25,217.15,221.75,216.75,218.15,218.95,219.67,11261855,247387731835000.0,82669,3150899,0.2798,10750950.0,12094536.6,12.550000000000011,10.988888085863655,-1,-1,-1,0.012408247435418544,-0.012408247435418544,-0.10387523811951571,-0.29965622454427543
2018-07-26,VEDL,EQ,218.95,220.7,221.65,215.5,217.3,216.5,218.26,7164072,156361779295000.0,78662,2094094,0.2923,11433968.6,10389750.8,10.75,11.059927427292166,0,-1,-2,-0.011252845804862821,0.011252845804862821,-0.09262239231465288,-0.31090907034913823
2018-07-27,VEDL,EQ,216.5,218.0,221.0,216.55,220.0,219.75,218.79,6695579,146494658205000.0,88187,2217884,0.3312,10445342.2,9535392.4,14.099999999999994,10.987702308499346,0,-1,-3,0.014899989122741797,-0.014899989122741797,-0.10752238143739468,-0.2960090812263964
2018-07-30,VEDL,EQ,219.75,221.9,226.0,220.6,225.0,224.9,224.29,8293254,186009933775000.0,93962,2147833,0.259,9961340.6,9214824.0,8.150000000000006,10.81716130913645,0,-1,-4,0.023165322399983555,-0.023165322399983555,-0.13068770383737824,-0.2728437588264129
2018-07-31,VEDL,EQ,224.9,225.0,225.05,218.75,222.75,222.2,221.84,7121436,157981721910000.0,64304,1129111,0.1586,9833758.4,9118304.8,8.650000000000006,10.765190477186218,0,-1,-5,-0.012077981759740411,0.012077981759740411,-0.11860972207763783,-0.28492174058615327
2018-08-01,VEDL,EQ,222.2,219.8,229.0,216.2,217.95,218.2,222.25,14690496,326492221440000.0,112519,3558102,0.2422,8107239.2,10750950.0,3.25,10.729943411130389,0,0,0,-0.01816580380655913,-0.0,-0.11860972207763783,-0.3030875443927124
2018-08-02,VEDL,EQ,218.2,217.0,217.9,211.45,214.0,214.15,214.37,14319624,306972693540000.0,117607,3178073,0.22190000000000001,8792967.4,11433968.6,1.6999999999999886,10.711508066117716,0,0,0,-0.018735369337590343,-0.0,-0.11860972207763783,-0.32182291373030275
2018-08-03,VEDL,EQ,214.15,215.05,223.7,214.85,222.95,222.4,220.59,18274236,403106038450000.0,102788,5337831,0.2921,10224077.8,10445342.2,-5.599999999999994,10.686932582846346,0,0,0,0.03780085831504723,0.0,-0.11860972207763783,-0.2840220554152555
2018-08-06,VEDL,EQ,222.4,224.5,225.45,221.7,224.25,224.35,223.94,6347884,142157063755000.0,59314,1402873,0.22100000000000003,12539809.2,9961340.6,-2.5,10.57536133776252,0,0,0,0.008729770045565069,0.0,-0.11860972207763783,-0.2752922853696904
2018-08-07,VEDL,EQ,224.35,225.0,230.75,223.5,226.8,226.8,226.96,16046724,364203914340000.0,103296,4470157,0.2786,12150735.2,9833758.4,2.1500000000000057,10.493751134784343,0,0,0,0.010861239431604634,0.0,-0.11860972207763783,-0.2644310459380858
2018-08-08,VEDL,EQ,226.8,228.45,229.3,223.6,225.0,224.8,226.32,9371088,212085803735000.0,67480,2927683,0.3124,13935792.8,8107239.2,8.600000000000023,10.434780747213814,0,0,0,-0.008857453834061052,-0.0,-0.11860972207763783,-0.27328849977214686
2018-08-09,VEDL,EQ,224.8,225.95,232.5,222.0,230.55,230.6,227.51,12895636,293382174790000.0,83233,2606839,0.2021,12871911.2,8792967.4,10.650000000000006,10.524225300791409,0,0,0,0.02547348981542259,0.0,-0.11860972207763783,-0.24781500995672429
2018-08-10,VEDL,EQ,230.6,232.9,233.7,222.2,222.4,223.7,227.83,11685692,266236908480000.03,74944,2506528,0.2145,12587113.6,10224077.8,8.199999999999989,10.53986922033751,0,0,0,-0.030378739338874805,-0.0,-0.11860972207763783,-0.2781937492955991
2018-08-13,VEDL,EQ,223.7,218.4,218.4,213.5,216.1,216.3,215.9,12726787,274765483315000.0,88999,3375243,0.2652,11269404.8,12539809.2,-0.6500000000000057,10.145219242818182,0,0,0,-0.0336395355370707,-0.0,-0.11860972207763783,-0.3118332848326698
2018-08-14,VEDL,EQ,216.3,216.0,217.65,213.05,215.45,215.1,214.71,10074719,216317104319999.97,68174,3424856,0.33990000000000004,12545185.4,12150735.2,-10.5,9.771245423241194,0,0,0,-0.005563296685328826,-0.0,-0.11860972207763783,-0.31739658151799865
2018-08-16,VEDL,EQ,215.1,208.0,210.9,205.35,209.0,208.8,208.38,14309862,298194567330000.0,110601,3782589,0.2643,11350784.4,13935792.8,-9.700000000000017,9.690578718997683,1,1,1,-0.02972618026520062,-0.02972618026520062,-0.14833590234283844,-0.3471227617831993
2018-08-17,VEDL,EQ,208.8,212.2,216.7,211.0,214.55,215.2,214.52,13308267,285489365825000.0,105741,2235666,0.168,12338539.2,12871911.2,-21.799999999999983,9.455657744643588,1,1,2,0.030190972279145516,0.030190972279145516,-0.11814493006369292,-0.31693178950405376
2018-08-20,VEDL,EQ,215.2,216.9,222.8,215.6,221.65,221.85,219.45,10506489,230564095515000.0,73856,2019473,0.19219999999999998,12421065.4,12587113.6,-8.5,9.472507521104093,0,1,3,0.030433649537289102,0.030433649537289102,-0.08771128052640381,-0.28649813996676465
2018-08-21,VEDL,EQ,221.85,223.05,223.45,218.1,218.85,218.85,219.93,7890862,173540909575000.0,62481,2895472,0.3669,12185224.8,11269404.8,5.549999999999983,9.500861882753131,0,1,4,-0.013614914188014209,-0.013614914188014209,-0.10132619471441802,-0.30011305415477885
2018-08-23,VEDL,EQ,218.85,218.5,218.5,212.05,215.2,214.8,214.45,9896492,212226947205000.0,96855,4184717,0.4228,11218039.8,12545185.4,3.75,9.455269213993368,0,1,5,-0.01867920100219464,-0.01867920100219464,-0.12000539571661266,-0.3187922551569735
2018-08-24,VEDL,EQ,214.8,214.0,225.0,212.25,223.5,224.05,219.23,12032977,263800744905000.03,78815,2644926,0.2198,11182394.4,11350784.4,6.0,9.45246580784531,0,0,0,0.04216187859744249,0.0,-0.12000539571661266,-0.27663037655953104
2018-08-27,VEDL,EQ,224.05,225.95,227.5,222.5,225.4,225.5,225.55,9338893,210640312565000.0,67038,1895095,0.2029,10727017.4,12338539.2,8.850000000000023,9.518492686886033,0,0,0,0.006450917710580995,0.0,-0.12000539571661266,-0.27017945884895006
2018-08-28,VEDL,EQ,225.5,227.05,231.9,225.55,230.35,230.3,229.16,15432343,353649059325000.0,128406,3421438,0.2217,9933142.6,12421065.4,3.6500000000000057,9.482008202140221,0,0,0,0.021062647883906434,0.0,-0.12000539571661266,-0.24911681096504362
2018-08-29,VEDL,EQ,230.3,233.4,238.25,227.35,227.95,228.05,232.59,31404401,730448423335000.0,159603,10495844,0.3342,10918313.4,12185224.8,11.450000000000017,9.472993231158547,-1,-1,-1,-0.009817903668930025,0.009817903668930025,-0.11018749204768263,-0.25893471463397366
2018-08-30,VEDL,EQ,228.05,229.85,231.05,226.15,229.9,230.0,229.74,24136924,554510254755000.0,90733,14184994,0.5877,15621021.2,11218039.8,13.25,9.587597457131787,0,-1,-2,0.008514405765485976,-0.008514405765485976,-0.11870189781316862,-0.2504203088684877
2018-08-31,VEDL,EQ,230.0,229.0,230.6,224.0,228.3,227.7,227.3,15184001,345128265910000.0,100565,6222092,0.4098,18469107.6,11182394.4,5.949999999999989,9.622512468795305,0,-1,-3,-0.01005033585350145,0.01005033585350145,-0.10865156195966716,-0.26047064472198916
2018-09-03,VEDL,EQ,227.7,228.9,230.25,226.75,228.05,228.45,228.89,7897757,180769784505000.0,46759,2139752,0.27090000000000003,19099312.4,10727017.4,2.1999999999999886,9.556825407460721,0,-1,-4,0.00328839493958663,-0.00328839493958663,-0.11193995689925379,-0.25718224978240256
2018-09-04,VEDL,EQ,228.45,228.65,229.6,221.65,225.1,224.8,224.48,11341666,254600530065000.0,81741,4455979,0.3929,18811085.2,9933142.6,-1.8500000000000227,9.512216440775592,0,-1,-5,-0.016106249989744453,0.016106249989744453,-0.09583370690950933,-0.27328849977214703
2018-09-05,VEDL,EQ,224.8,224.0,230.0,220.7,228.75,229.45,225.06,10415515,234415042780000.03,88611,2796307,0.2685,17992949.8,10918313.4,-3.25,9.493400152982405,0,0,0,0.020474022821306333,0.0,-0.09583370690950933,-0.2528144769508407
2018-09-06,VEDL,EQ,229.45,230.95,230.95,225.7,229.85,229.9,229.19,13519245,309843096200000.0,82648,5076820,0.3755,13795172.6,15621021.2,-0.5500000000000114,9.408407627803388,0,0,0,0.001959290928293431,0.0,-0.09583370690950933,-0.25085518602254725
2018-09-07,VEDL,EQ,229.9,229.35,233.7,226.7,233.25,230.25,229.9,24336043,559473989510000.06,79069,16294278,0.6696,11671636.8,18469107.6,2.200000000000017,9.379467837739615,0,0,0,0.0015212433662803045,0.0,-0.09583370690950933,-0.24933394265626693
2018-09-10,VEDL,EQ,230.25,233.0,233.8,222.2,222.5,223.5,227.74,18259846,415855507125000.0,93068,5402158,0.2958,13502045.2,19099312.4,1.8000000000000114,9.373128082476253,0,0,0,-0.029754261081792716,-0.0,-0.09583370690950933,-0.27908820373805965
2018-09-11,VEDL,EQ,223.5,225.0,227.4,218.0,220.3,219.65,222.86,14276023,318152242035000.0,81829,5583911,0.3911,15574463.0,18811085.2,-1.3000000000000114,9.361082598943474,0,0,0,-0.0173760436318349,-0.0,-0.09583370690950933,-0.2964642473698946
2018-09-12,VEDL,EQ,219.65,220.75,225.8,219.0,223.35,223.6,222.46,8849353,196866983690000.0,78492,1913983,0.2163,16161334.4,17992949.8,-9.799999999999983,9.107650463741836,1,1,1,0.017823370859155554,0.017823370859155554,-0.07801033605035378,-0.27864087651073904
2018-09-14,VEDL,EQ,223.6,228.8,236.45,226.05,235.0,235.6,231.84,17674079,409757769775000.0,122443,4391522,0.24850000000000003,15848102.0,13795172.6,-6.300000000000011,8.861252391134892,0,1,2,0.05227671049648746,0.05227671049648746,-0.025733625553866317,-0.22636416601425158
2018-09-17,VEDL,EQ,235.6,235.45,237.75,232.15,235.5,234.9,234.93,13008924,305619916205000.0,82976,3220093,0.2475,16679068.8,11671636.8,5.349999999999994,8.686999400590429,0,1,3,-0.0029755601125644768,-0.0029755601125644768,-0.028709185666430794,-0.22933972612681605
2018-09-18,VEDL,EQ,234.9,235.0,235.0,228.0,230.1,230.15,231.1,13228698,305719672945000.0,87992,4698826,0.3552,14413645.0,13502045.2,11.400000000000006,8.757669077829304,0,1,4,-0.020428621401616665,-0.020428621401616665,-0.04913780706804746,-0.24976834752843272
2018-09-19,VEDL,EQ,230.15,230.75,232.35,227.0,230.0,230.1,230.11,18255648,420089767285000.0,88176,8415491,0.461,13407415.4,15574463.0,10.5,8.662294934678306,-1,-1,-1,-0.00021727322193025939,0.00021727322193025939,-0.0489205338461172,-0.24998562075036299
2018-09-21,VEDL,EQ,230.1,230.95,235.3,221.1,230.0,230.45,230.12,42361028,974792878995000.1,146891,22580748,0.5331,14203340.4,16161334.4,6.5,8.5676756863613,0,-1,-2,0.001519922125197146,-0.001519922125197146,-0.050440455971314344,-0.24846569862516585
2018-09-24,VEDL,EQ,230.45,232.5,237.55,228.25,230.25,229.9,232.66,20942520,487249037164999.94,112310,6823231,0.3258,20905675.4,15848102.0,-5.150000000000006,8.529088240376055,0,-1,-3,-0.0023894873973813557,0.0023894873973813557,-0.04805096857393299,-0.2508551860225472
2018-09-25,VEDL,EQ,229.9,230.2,232.9,226.7,229.95,230.4,230.04,16770608,385790364100000.0,103481,9474766,0.5650000000000001,21559363.6,16679068.8,-5.0,8.525580803106784,0,-1,-4,0.002172497052600291,-0.002172497052600291,-0.05022346562653328,-0.2486826889699469
2018-09-26,VEDL,EQ,230.4,231.1,245.0,229.7,241.55,241.55,235.26,40596440,955086049245000.1,216690,21983545,0.5415,22311700.4,14413645.0,0.25,8.519006735387386,0,-1,-5,0.0472595621786796,-0.0472595621786796,-0.09748302780521287,-0.2014231267912673
2018-09-27,VEDL,EQ,241.55,241.85,246.8,238.6,239.75,240.65,242.13,25137487,608649499045000.0,132318,12843111,0.5109,27785248.8,13407415.4,11.450000000000017,8.629838344284599,0,0,0,-0.0037328952512973384,-0.0,-0.09748302780521287,-0.20515602204256464
2018-09-28,VEDL,EQ,240.65,241.25,242.8,227.1,232.35,232.3,232.51,20835004,484427104930000.0,133241,10406115,0.49950000000000006,29161616.6,14203340.4,10.200000000000017,8.658478809989097,0,0,0,-0.03531395597275493,-0.0,-0.09748302780521287,-0.24046997801531958
2018-10-01,VEDL,EQ,232.3,230.0,234.1,225.45,233.75,232.65,231.4,15971844,369583499315000.0,78272,7743325,0.48479999999999995,24856411.8,20905675.4,2.4000000000000057,8.599537572721358,0,0,0,0.0015055385142940254,0.0,-0.09748302780521287,-0.23896443950102556
2018-10-03,VEDL,EQ,232.65,232.7,246.9,232.15,240.45,240.1,239.73,36242984,868856092540000.0,152941,13257828,0.3658,23862276.6,21559363.6,2.25,8.608510280090519,0,0,0,0.03152032493655005,0.0,-0.09748302780521287,-0.2074441145644755
2018-10-04,VEDL,EQ,240.1,239.65,244.3,234.1,239.1,239.4,241.02,27385995,660050866195000.0,121238,7612140,0.278,27756751.8,22311700.4,-1.450000000000017,8.607820307984207,0,0,0,-0.0029197101033347503,-0.0,-0.09748302780521287,-0.21036382466781026
2018-10-05,VEDL,EQ,239.4,237.0,241.5,226.1,229.7,231.65,233.02,17175345,400216640990000.0,112432,5220296,0.3039,25114662.8,27785248.8,-1.25,8.608042912171015,0,0,0,-0.03290818126121538,-0.0,-0.09748302780521287,-0.24327200592902565
2018-10-08,VEDL,EQ,231.65,227.0,228.25,198.25,207.3,206.75,212.81,37293316,793649404840000.0,210227,9731266,0.2609,23522234.4,29161616.6,-0.6500000000000057,8.602230096100808,0,0,0,-0.11371727795885668,-0.0,-0.09748302780521287,-0.3569892838878823
2018-10-09,VEDL,EQ,206.75,208.0,216.5,204.05,212.15,212.1,211.43,17869475,377816544945000.0,129988,3256661,0.1822,26813896.8,24856411.8,-25.900000000000006,8.930076294537606,0,0,0,0.02554752766683604,0.0,-0.09748302780521287,-0.33144175622104627
2018-10-10,VEDL,EQ,212.1,213.3,220.65,213.25,218.05,218.15,217.95,12774692,278422131010000.0,108301,4969622,0.389,27193423.0,23862276.6,-28.0,9.296515299679315,0,0,0,0.02812503799898185,0.0,-0.09748302780521287,-0.3033167182220644
2018-10-11,VEDL,EQ,218.15,208.15,217.75,200.0,208.75,207.9,210.7,16424058,346051136680000.0,165929,4981717,0.3033,22499764.6,27756751.8,-21.25,9.484065264399746,1,1,1,-0.04812570470565142,-0.04812570470565142,-0.14560873251086429,-0.3514424229277158
2018-10-12,VEDL,EQ,207.9,210.5,216.6,210.4,214.5,214.3,214.06,11697753,250404356144999.97,99923,4644848,0.3971,20307377.2,25114662.8,-23.75,9.689745842639496,1,1,2,0.03031970761556411,0.03031970761556411,-0.11528902489530017,-0.3211227153121517
2018-10-15,VEDL,EQ,214.3,216.9,216.9,208.65,211.0,210.6,211.87,14022679,297097885300000.0,96846,6460365,0.4607,19211858.8,23522234.4,7.550000000000011,9.700324945093538,0,1,3,-0.017416302779656313,-0.017416302779656313,-0.1327053276749565,-0.33853901809180803
2018-10-16,VEDL,EQ,210.6,212.0,214.8,211.5,212.4,212.45,212.99,5405111,115122417050000.0,42355,966896,0.1789,14557731.4,26813896.8,-1.5,9.576893211572242,0,1,4,0.008746066860945367,0.008746066860945367,-0.12395926081401112,-0.32979295123086266
2018-10-17,VEDL,EQ,212.45,215.4,216.45,206.65,208.7,207.95,210.98,8586330,181151135035000.0,73096,2581735,0.3007,12064858.6,27193423.0,-5.700000000000017,9.56059547615031,0,1,5,-0.02140900037189995,-0.02140900037189995,-0.14536826118591106,-0.35120195160276263
2018-10-19,VEDL,EQ,207.95,206.45,214.2,199.75,212.7,211.1,208.12,19958162,415371039255000.0,138715,6998282,0.3506,11227186.2,22499764.6,0.04999999999998295,9.302715729801426,0,0,0,0.015034288665354377,0.0,-0.14536826118591106,-0.33616766293740824
2018-10-22,VEDL,EQ,211.1,213.05,219.25,207.85,212.9,213.55,214.22,13766095,294896420495000.0,89209,3860359,0.2804,11934007.0,20307377.2,-3.200000000000017,9.132425012895618,0,0,0,0.011539042433200714,0.0,-0.14536826118591106,-0.32462862050420754
2018-10-23,VEDL,EQ,213.55,211.8,216.25,207.6,210.4,210.35,212.22,12100077,256789972725000.0,73625,4393854,0.36310000000000003,12347675.4,19211858.8,2.950000000000017,9.08792765378356,0,0,0,-0.0150981872509457,-0.0,-0.14536826118591106,-0.33972680775515324
2018-10-24,VEDL,EQ,210.35,212.2,214.0,208.3,213.05,211.9,211.38,8365420,176828525715000.0,77470,2124040,0.2539,11963155.0,14557731.4,-2.0999999999999943,8.969230159075224,0,0,0,0.0073416552377235204,0.0,-0.14536826118591106,-0.3323851525174297
2018-10-25,VEDL,EQ,211.9,208.6,209.6,201.6,204.55,204.6,205.05,21349045,437757297845000.0,105774,12227445,0.5727000000000001,12555216.8,12064858.6,3.950000000000017,8.983991036810693,0,0,0,-0.03505761175672737,-0.0,-0.14536826118591106,-0.3674427642741571
2018-10-26,VEDL,EQ,204.6,204.85,207.45,199.0,203.75,203.65,203.41,12026230,244623063110000.0,83369,1933425,0.1608,15107759.8,11227186.2,-6.5,8.994538971683387,0,0,0,-0.004654019423104516,-0.0,-0.14536826118591106,-0.3720967836972616
2018-10-29,VEDL,EQ,203.65,207.05,212.5,203.85,211.2,211.4,207.73,10870728,225816797990000.0,71746,3729539,0.3431,13521373.4,11934007.0,-9.900000000000006,9.030217845845927,0,0,0,0.037349239341715725,0.0,-0.14536826118591106,-0.3347475443555459
2018-10-30,VEDL,EQ,211.4,212.6,216.4,210.0,211.45,211.2,212.8,10500891,223463261110000.0,81635,1916410,0.1825,12942300.0,12347675.4,1.0500000000000114,9.026976000138177,0,0,0,-0.0009465216040309356,-0.0,-0.14536826118591106,-0.3356940659595768
2018-10-31,VEDL,EQ,211.2,211.45,213.85,207.0,210.55,211.15,209.85,10731974,225208461694999.97,82112,2561681,0.23870000000000002,12622462.8,11963155.0,-0.700000000000017,9.014405684707382,0,0,0,-0.00023677045215372242,-0.0,-0.14536826118591106,-0.3359308364117305
2018-11-01,VEDL,EQ,211.15,213.0,215.4,208.0,213.4,212.8,212.66,17281051,367490237565000.0,89419,5990076,0.34659999999999996,13095773.6,12555216.8,6.550000000000011,9.045374550430495,0,0,0,0.007783976087536659,0.0,-0.14536826118591106,-0.3281468603241938
2018-11-02,VEDL,EQ,212.8,217.0,227.35,214.55,227.0,225.9,223.03,19722750,439868719214999.94,114073,2980639,0.15109999999999998,12282174.8,15107759.8,9.150000000000006,9.10800750754937,-1,-1,-1,0.059739666006468184,-0.059739666006468184,-0.20510792719237925,-0.26840719431772564
2018-11-05,VEDL,EQ,225.9,225.45,227.75,220.8,223.1,222.45,224.13,13542401,303524874695000.0,94511,5127456,0.3786,13821478.8,13521373.4,14.5,9.245938993892823,0,-1,-2,-0.015390066221906891,0.015390066221906891,-0.18971786097047236,-0.28379726053963256
2018-11-06,VEDL,EQ,222.45,207.7,213.65,205.3,207.75,207.4,208.73,19834081,413990664310000.0,172964,6204184,0.3128,14355813.4,12942300.0,11.25,9.3298872967307,0,-1,-3,-0.07005306145662374,0.07005306145662374,-0.11966479951384862,-0.3538503219962563
2018-11-07,VEDL,EQ,207.4,209.6,211.95,209.1,210.0,209.75,209.92,2448864,51405915655000.0,22452,855972,0.34950000000000003,16222451.4,12622462.8,-3.75,9.33297753650836,0,-1,-4,0.011267049551888633,-0.011267049551888633,-0.13093184906573724,-0.3425832724443677
2018-11-09,VEDL,EQ,209.75,210.95,212.0,208.3,209.25,209.05,209.84,6868901,144139522245000.0,52031,1606574,0.2339,14565829.4,13095773.6,-3.0500000000000114,9.334828559883903,0,-1,-5,-0.0033428875447415363,0.0033428875447415363,-0.1275889615209957,-0.34592615998910925
2018-11-12,VEDL,EQ,209.05,209.75,210.9,202.25,202.85,203.15,205.71,11801858,242770433790000.0,90283,4338987,0.3677,12483399.4,12282174.8,-16.849999999999994,9.46111247382802,0,0,0,-0.02862883536883831,-0.0,-0.1275889615209957,-0.37455499535794756
2018-11-13,VEDL,EQ,203.15,202.0,206.0,201.0,205.6,205.6,204.1,9244952,188687237770000.0,77493,2096547,0.2268,10899221.0,13821478.8,-19.299999999999983,9.618444717722232,1,1,1,0.011987911147274214,0.011987911147274214,-0.11560105037372148,-0.36256708421067335
2018-11-14,VEDL,EQ,205.6,206.5,207.9,203.55,203.8,204.1,205.76,7525220,154841578355000.0,61139,2070720,0.2752,10039731.2,14355813.4,-1.8000000000000114,9.599123539535922,0,1,2,-0.007322463765210907,-0.007322463765210907,-0.12292351413893239,-0.36988954797588425
2018-11-15,VEDL,EQ,204.1,205.3,209.65,202.75,207.1,207.55,206.5,10248843,211638097000000.0,72500,2649004,0.2585,7577959.0,16222451.4,-5.650000000000006,9.533564033551047,0,1,3,0.016762204683248693,0.016762204683248693,-0.1061613094556837,-0.35312734329263556
2018-11-16,VEDL,EQ,207.55,208.0,209.0,205.55,206.8,206.8,207.25,7998497,165766255085000.0,55374,2805508,0.3508,9137954.8,14565829.4,-1.5,9.368711021913374,0,1,4,-0.0036201318647737465,-0.0036201318647737465,-0.10978144132045745,-0.3567474751574093
2018-11-19,VEDL,EQ,206.8,207.8,212.8,207.4,211.5,211.35,210.91,10878040,229430553544999.97,75958,2477926,0.2278,9363874.0,12483399.4,3.6500000000000057,9.32368379694713,0,1,5,0.0217633843785248,0.0217633843785248,-0.08801805694193265,-0.33498409077888447
2018-11-20,VEDL,EQ,211.35,210.25,210.9,200.0,205.1,205.25,206.32,18615840,384080201285000.0,137908,7869744,0.4227,9179110.4,10899221.0,5.75,9.30744215912484,0,0,0,-0.02928677868026133,-0.0,-0.08801805694193265,-0.3642708694591458
2018-11-21,VEDL,EQ,205.25,204.0,204.4,201.0,201.95,201.9,202.45,14273100,288958750420000.0,96571,4588512,0.3215,11053288.0,10039731.2,1.1500000000000057,9.305204514711429,0,0,0,-0.01645622301374571,-0.0,-0.08801805694193265,-0.3807270924728915
2018-11-22,VEDL,EQ,201.9,203.9,204.6,199.0,199.65,199.6,201.29,12387967,249361297925000.0,89215,3704427,0.299,12402864.0,7577959.0,-5.650000000000006,9.289475023494122,0,0,0,-0.011457161441428283,-0.0,-0.08801805694193265,-0.39218425391431977
2018-11-26,VEDL,EQ,199.6,200.0,200.05,191.0,195.75,195.8,194.32,20552801,399392237175000.0,136091,6761582,0.329,12830688.8,9137954.8,-7.200000000000017,9.303083772425548,0,0,0,-0.019221633780953554,-0.0,-0.08801805694193265,-0.4114058876952733
2018-11-27,VEDL,EQ,195.8,193.85,199.7,190.2,194.75,195.0,194.47,21061915,409598550260000.0,125731,4740823,0.22510000000000002,15341549.6,9363874.0,-15.549999999999983,9.413295239857675,0,0,0,-0.004094171532663226,-0.0,-0.08801805694193265,-0.41550005922793654
2018-11-28,VEDL,EQ,195.0,196.2,197.35,192.15,192.8,192.95,195.05,13300756,259437389440000.0,98636,3286894,0.24710000000000001,17378324.6,9179110.4,-10.25,9.452878830378506,0,0,0,-0.010568470580119069,-0.0,-0.08801805694193265,-0.4260685298080556
2018-11-29,VEDL,EQ,192.95,196.5,201.9,196.25,198.5,198.8,199.15,16248210,323580275725000.0,118607,3629291,0.22340000000000002,16315307.8,11053288.0,-8.950000000000017,9.457967300352934,0,0,0,0.029868206238845913,0.0,-0.08801805694193265,-0.3962003235692097
2018-11-30,VEDL,EQ,198.8,200.8,201.0,194.85,196.05,195.85,196.63,14713297,289310329415000.0,126198,5725815,0.38920000000000005,16710329.8,12402864.0,-0.799999999999983,9.405846773967427,0,0,0,-0.014950234110633434,-0.0,-0.08801805694193265,-0.41115055767984315
2018-12-03,VEDL,EQ,195.85,201.5,205.35,201.0,202.95,202.95,203.41,16235433,330247902865000.0,112083,4218036,0.25980000000000003,17175395.8,12830688.8,0.04999999999998295,9.403874389598867,0,0,0,0.03561058317306637,0.0,-0.08801805694193265,-0.3755399745067768
2018-12-04,VEDL,EQ,202.95,202.4,206.9,200.6,206.0,206.2,204.12,10559839,215543928715000.0,66817,2150553,0.20370000000000002,16311922.2,15341549.6,7.949999999999989,9.451558259639171,0,0,0,0.01588692829795283,0.0,-0.08801805694193265,-0.35965304620882393
2018-12-05,VEDL,EQ,206.2,202.35,204.45,197.45,198.1,198.4,200.45,12327914,247116730044999.97,79257,2515046,0.204,14211507.0,17378324.6,13.25,9.465995214663925,-1,-1,-1,-0.03856137673208703,0.03856137673208703,-0.04945668020984562,-0.398214422940911
2018-12-06,VEDL,EQ,198.4,196.9,196.9,191.0,195.3,195.35,194.06,15693557,304556983065000.0,123061,2717395,0.1732,14016938.6,16315307.8,-0.4000000000000057,9.257130966847864,0,-1,-2,-0.015492373349692834,0.015492373349692834,-0.03396430686015279,-0.4137067962906038
2018-12-07,VEDL,EQ,195.35,197.95,198.3,193.0,195.55,195.7,195.15,9185719,179260332375000.0,78001,1215626,0.1323,13906008.0,16710329.8,-0.5,9.250518017163067,0,-1,-3,0.0017900529009510183,-0.0017900529009510183,-0.035754359761103804,-0.4119167433896528
2018-12-10,VEDL,EQ,195.7,191.4,195.65,190.2,192.25,192.55,193.2,6766286,130725240709999.98,50123,1110420,0.1641,12800492.4,17175395.8,-7.25,9.271574566895035,0,-1,-4,-0.016227014141112488,0.016227014141112488,-0.019527345619991317,-0.4281437575307653
2018-12-11,VEDL,EQ,192.55,191.9,195.0,190.05,194.0,193.55,192.71,12458158,240085037665000.0,85788,2924575,0.2348,10906663.0,16311922.2,-13.649999999999977,9.355429080636986,1,1,1,0.005180016762739313,0.005180016762739313,-0.014347328857252005,-0.42296374076802595
2018-12-12,VEDL,EQ,193.55,194.55,200.75,193.55,199.2,199.3,197.55,11215747,221571525094999.97,78383,2578580,0.2299,11286326.8,14211507.0,-4.849999999999994,9.339381157445086,0,1,2,0.029275350195091938,0.029275350195091938,0.014928021337839933,-0.39368839057293403
2018-12-13,VEDL,EQ,199.3,201.0,202.8,198.3,200.4,200.65,200.68,10141845,203529647755000.0,57239,2873062,0.2833,11063893.4,14016938.6,3.950000000000017,9.226734268012988,0,1,3,0.006750869494176617,0.006750869494176617,0.02167889083201655,-0.3869375210787574
2018-12-14,VEDL,EQ,200.65,199.0,203.2,198.15,201.9,201.6,201.47,7637495,153869131525000.0,56491,2001459,0.2621,9953551.0,13906008.0,4.950000000000017,9.046584879378399,0,1,4,0.004723439484287783,0.004723439484287783,0.02640233031630433,-0.3822140815944696
2018-12-17,VEDL,EQ,201.6,212.8,213.3,204.6,205.4,205.5,207.98,27613999,574325347320000.0,162244,5076037,0.1838,9643906.2,12800492.4,9.049999999999983,9.066414253950805,0,1,5,0.01916049773907579,0.01916049773907579,0.04556282805538012,-0.3630535838553938
2018-12-18,VEDL,EQ,205.5,204.9,210.0,204.25,209.8,208.55,207.05,12509870,259013849490000.0,68657,2734610,0.2186,13813448.8,10906663.0,11.949999999999989,9.120094031944793,0,0,0,0.014732786706665035,0.0,0.04556282805538012,-0.34832079714872877
2018-12-19,VEDL,EQ,208.55,209.8,209.95,205.65,206.75,206.85,207.31,11334523,234974901235000.0,61516,2544136,0.2245,13823791.2,11286326.8,9.25,9.166826940747603,0,0,0,-0.008184927735533804,-0.0,0.04556282805538012,-0.3565057248842626
2018-12-20,VEDL,EQ,206.85,205.0,205.0,201.5,203.1,202.75,202.49,13958524,282644383285000.0,79218,4051427,0.2902,13847546.4,11063893.4,6.199999999999989,9.179967705319392,0,0,0,-0.02002019991189815,-0.0,0.04556282805538012,-0.3765259247961607
2018-12-21,VEDL,EQ,202.75,204.5,204.55,199.15,199.85,200.05,201.51,14374440,289656318545000.0,74852,5898351,0.4103,14610882.2,9953551.0,1.1500000000000057,9.179449420671512,0,0,0,-0.013406357692278223,-0.0,0.04556282805538012,-0.3899322824884389
2018-12-24,VEDL,EQ,200.05,198.0,199.5,196.0,196.4,196.4,197.42,9951166,196453297960000.0,71326,2050533,0.2061,15958271.2,9643906.2,-5.449999999999989,9.106617016480289,0,0,0,-0.0184139393828785,-0.0,0.04556282805538012,-0.4083462218713174
2018-12-26,VEDL,EQ,196.4,195.95,197.65,193.05,196.75,196.4,195.06,9449698,184325638150000.0,54821,1622046,0.17170000000000002,12425704.6,13813448.8,-12.150000000000006,9.1163402384638,1,1,1,0.0,0.0,0.04556282805538012,-0.4083462218713174
2018-12-27,VEDL,EQ,196.4,199.65,202.25,195.2,196.7,195.85,198.12,12890647,255386603975000.0,72827,2028621,0.1574,11813670.2,13823791.2,-10.449999999999989,9.051389256614002,1,1,2,-0.0028043358085252604,-0.0028043358085252604,0.04275849224685486,-0.41115055767984265
2018-12-28,VEDL,EQ,195.85,197.65,200.65,197.0,199.9,199.4,199.19,8693150,173156917550000.0,52458,1965616,0.2261,12124895.0,13847546.4,-6.900000000000006,9.028228388132565,0,1,3,0.017963797415897615,0.017963797415897615,0.06072228966275248,-0.39318676026394506
2018-12-31,VEDL,EQ,199.4,201.4,203.6,200.6,202.15,202.2,202.33,9580784,193850347345000.0,79513,2111734,0.22039999999999998,11071820.2,14610882.2,-0.6500000000000057,8.977370807545018,0,1,4,0.01394444905863294,0.01394444905863294,0.07466673872138542,-0.3792423112053121
2019-01-01,VEDL,EQ,202.2,202.5,202.85,200.35,202.5,202.1,201.52,3947501,79548463900000.0,22172,585816,0.1484,10113089.0,15958271.2,5.799999999999983,8.99294476551232,0,1,5,-0.0004946821767957136,-0.0004946821767957136,0.0741720565445897,-0.3797369933821078
2019-01-02,VEDL,EQ,202.1,200.0,200.0,192.5,193.2,193.15,195.34,18935386,369880020805000.0,164727,7477092,0.39490000000000003,8912356.0,12425704.6,5.699999999999989,9.01347616212815,0,0,0,-0.04529553529728493,-0.0,0.0741720565445897,-0.42503252867939273
2019-01-03,VEDL,EQ,193.15,193.7,195.0,187.55,188.5,187.95,191.06,13968283,266879342800000.0,106623,3714654,0.2659,10809493.6,11813670.2,-2.6999999999999886,9.00271418108242,0,0,0,-0.02729111910210335,-0.0,0.0741720565445897,-0.4523236477814961
2019-01-04,VEDL,EQ,187.95,188.0,194.45,186.65,193.9,192.9,189.77,12883382,244489632694999.97,83869,2515280,0.1952,11025020.8,12124895.0,-11.450000000000017,9.063804960033906,1,1,1,0.025995949901496406,0.025995949901496406,0.10016800644608612,-0.4263276978799997
2019-01-07,VEDL,EQ,192.9,196.1,198.65,192.5,193.6,193.45,195.45,11020289,215386859215000.0,83855,2340047,0.21230000000000002,11863067.2,11071820.2,-9.299999999999983,9.0969497607437,0,1,2,0.0028471612348384503,0.0028471612348384503,0.10301516768092457,-0.4234805366451612
2019-01-08,VEDL,EQ,193.45,194.5,197.0,191.9,195.6,195.65,194.61,14295380,278204651480000.03,79311,3465337,0.24239999999999998,12150968.2,10113089.0,-8.650000000000006,9.076023956479277,0,1,3,0.011308267509899505,0.011308267509899505,0.11432343519082408,-0.4121722691352617
2019-01-09,VEDL,EQ,195.65,197.95,198.0,192.0,195.05,194.75,194.77,11205333,218244796619999.97,78137,2499719,0.2231,14220544.0,8912356.0,2.5,9.004830017072145,0,1,4,-0.004610663905563857,-0.004610663905563857,0.10971277128526022,-0.4167829330408256
2019-01-10,VEDL,EQ,194.75,195.0,196.2,193.45,195.5,195.45,194.89,8256271,160904278810000.0,39747,2953818,0.3578,12674533.4,10809493.6,6.800000000000011,8.991013807848878,0,1,5,0.0035879074881062087,0.0035879074881062087,0.11330067877336643,-0.41319502555271936
2019-01-11,VEDL,EQ,195.45,195.5,198.3,195.0,196.7,196.6,196.76,8245755,162242815960000.0,52613,2384735,0.2892,11532131.0,11025020.8,2.549999999999983,8.999034403869123,0,0,0,0.0058666154741023385,0.0,0.11330067877336643,-0.40732841007861703
2019-01-14,VEDL,EQ,196.6,196.0,196.0,192.0,193.0,193.05,193.32,9059869,175149224045000.0,84192,3637485,0.40149999999999997,10604605.6,11863067.2,3.1500000000000057,8.960998814165452,0,0,0,-0.018221985002820688,-0.0,0.11330067877336643,-0.4255503950814377
2019-01-15,VEDL,EQ,193.05,193.85,199.8,193.35,198.8,198.9,197.22,9416350,185713695515000.0,52918,2944107,0.3127,10212521.6,12150968.2,-2.5999999999999943,8.920442573497718,0,0,0,0.02985296314968113,0.0,0.11330067877336643,-0.3956974319317566
2019-01-16,VEDL,EQ,198.9,201.0,202.25,195.7,196.55,196.3,198.83,12554389,249614133144999.97,70742,3096195,0.2466,9236715.6,14220544.0,4.150000000000006,8.685317867795419,0,0,0,-0.013158084577511088,-0.0,0.11330067877336643,-0.4088555165092677
2019-01-17,VEDL,EQ,196.3,197.25,198.25,195.4,196.85,197.45,197.05,6591718,129889347709999.98,35085,1699006,0.2577,9506526.8,12674533.4,0.8500000000000227,8.65184015867798,0,0,0,0.005841286450242962,0.0,0.11330067877336643,-0.40301423005902476
2019-01-18,VEDL,EQ,197.45,199.0,200.0,196.25,198.75,198.7,198.51,8307081,164905889355000.0,73539,2198126,0.2646,9173616.2,11532131.0,0.8499999999999943,8.630253852909336,0,0,0,0.006310761825112786,0.0,0.11330067877336643,-0.39670346823391195
2019-01-21,VEDL,EQ,198.7,200.1,200.5,197.65,198.1,198.45,198.76,6348706,126188749559999.98,45040,2178216,0.3431,9185881.4,10604605.6,5.649999999999977,8.642349495246052,0,0,0,-0.0012589703286968064,-0.0,0.11330067877336643,-0.39796243856260877
2019-01-22,VEDL,EQ,198.45,197.5,197.5,191.0,191.2,191.5,192.85,9901151,190948141175000.0,64658,3402297,0.3436,8643648.8,10212521.6,-0.45000000000001705,8.615615726309654,0,0,0,-0.035649370608373594,-0.0,0.11330067877336643,-0.43361180917098235
2019-01-23,VEDL,EQ,191.5,191.5,195.0,190.6,192.5,192.8,193.01,7523951,145221918910000.0,53230,1661103,0.2208,8740609.0,9236715.6,-4.800000000000011,8.569221099523872,0,0,0,0.006765573555744659,0.0,0.11330067877336643,-0.4268462356152377
2019-01-24,VEDL,EQ,192.8,192.9,195.45,191.3,193.55,193.5,193.14,6195845,119665785705000.0,35604,820115,0.13240000000000002,7734521.4,9506526.8,-4.649999999999977,8.564562809105377,0,0,0,0.003624130293391244,0.0,0.11330067877336643,-0.42322210532184645
2019-01-25,VEDL,EQ,193.5,195.1,196.4,192.55,195.0,194.7,194.49,6437316,125199368070000.0,39682,2207822,0.34299999999999997,7655346.8,9173616.2,-5.199999999999989,8.481176066722549,0,0,0,0.00618239990831734,0.0,0.11330067877336643,-0.41703970541352914
2019-01-28,VEDL,EQ,194.7,195.0,195.0,191.0,192.2,191.5,192.12,6045200,116142141715000.02,51822,1871813,0.30960000000000004,7281393.8,9185881.4,-3.75,8.358421870282454,0,0,0,-0.0165721037574533,-0.0,0.11330067877336643,-0.4336118091709824
2019-01-29,VEDL,EQ,191.5,191.5,193.85,189.4,192.65,192.65,191.77,6230069,119472074780000.0,39067,1652965,0.26530000000000004,7220692.6,8643648.8,0.0,8.327021412609703,0,0,0,0.005987262451465976,0.0,0.11330067877336643,-0.42762454671951644
2019-01-30,VEDL,EQ,192.65,192.9,196.45,192.15,194.45,194.1,193.81,10015876,194121427340000.0,96072,3717960,0.3712,6486476.2,8740609.0,-0.15000000000000568,8.320033690199846,0,0,0,0.007498419102797924,0.0,0.11330067877336643,-0.4201261276167185
2019-01-31,VEDL,EQ,194.1,195.5,198.25,193.8,197.95,197.35,196.57,13404228,263490075569999.97,80475,6738267,0.5027,6984861.2,7734521.4,0.5999999999999943,8.322412161862633,0,0,0,0.01660531193389158,0.0,0.11330067877336643,-0.40352081568282694
2019-02-01,VEDL,EQ,197.35,179.65,180.0,158.15,161.6,162.15,163.84,98562137,1614850669170000.0,616591,28068376,0.2848,8426537.8,7655346.8,2.6500000000000057,8.33016380633682,0,0,0,-0.1964569693555291,-0.0,0.11330067877336643,-0.5999777850383561
2019-02-04,VEDL,EQ,162.15,162.8,165.0,156.5,162.35,161.35,160.82,24578563,395263687915000.0,145270,4492853,0.18280000000000002,26851502.0,7281393.8,-29.349999999999994,8.787407930175599,0,0,0,-0.0049459142553561816,-0.0,0.11330067877336643,-0.6049236992937123
2019-02-05,VEDL,EQ,161.35,159.3,164.5,157.25,163.55,162.6,161.19,14352577,231355077960000.0,87265,3874191,0.2699,30558174.6,7220692.6,-31.30000000000001,9.26505451149695,0,0,0,0.007717278615739345,0.0,0.11330067877336643,-0.5972064206779729
2019-02-06,VEDL,EQ,162.6,163.35,165.0,157.75,164.75,163.75,161.89,13140943,212732902530000.0,76993,4279551,0.3257,32182676.2,6486476.2,-31.5,9.715430024222059,0,0,0,0.007047677401651153,0.0,0.11330067877336643,-0.5901587432763218
2019-02-07,VEDL,EQ,163.75,162.95,165.65,161.8,163.1,163.45,163.43,9437018,154229451755000.0,51112,3143419,0.3331,32807689.6,6984861.2,-33.599999999999994,10.206064682978019,0,0,0,-0.0018337413451417599,-0.0,0.11330067877336643,-0.5919924846214636
2019-02-08,VEDL,EQ,163.45,162.3,162.4,149.7,154.6,154.15,155.88,21667191,337741140675000.0,169512,7780100,0.3591,32014247.6,8426537.8,1.299999999999983,10.187668955034493,0,0,0,-0.05858097883806019,-0.0,0.11330067877336643,-0.6505734634595238
2019-02-11,VEDL,EQ,154.15,153.7,155.2,147.05,151.8,152.15,151.2,18188741,275010454835000.0,96930,5901985,0.3245,16635258.4,26851502.0,-7.199999999999989,10.191437520652991,0,0,0,-0.013059277989179252,-0.0,0.11330067877336643,-0.6636327414487031
2019-02-12,VEDL,EQ,152.15,151.9,157.95,150.7,152.9,152.85,154.94,14116882,218730815010000.0,102965,3724242,0.2638,15357294.0,30558174.6,-10.449999999999989,10.19050571945189,1,1,1,0.0045901719938634174,0.0045901719938634174,0.11789085076722984,-0.6590425694548396
2019-02-13,VEDL,EQ,152.85,153.9,154.85,150.15,150.45,150.7,152.52,7375452,112487924555000.0,59541,1936186,0.2625,15310155.0,32182676.2,-10.900000000000006,10.12286354813406,1,1,2,-0.014165942704393813,-0.014165942704393813,0.10372490806283603,-0.6732085121592335
2019-02-14,VEDL,EQ,150.7,150.5,153.0,149.15,152.0,151.75,151.07,9962977,150509025755000.0,59494,3222924,0.3235,14157056.8,32807689.6,-12.75,10.078623442963348,1,1,3,0.006943324307157835,0.006943324307157835,0.11066823236999387,-0.6662651878520757
2019-02-15,VEDL,EQ,151.75,151.05,151.2,145.8,147.55,147.3,148.06,14116428,209005172180000.0,77079,5117121,0.3625,14262248.6,32014247.6,-2.4000000000000057,10.03178841422997,0,1,4,-0.029763106471022975,-0.029763106471022975,0.08090512589897089,-0.6960282943230987
2019-02-18,VEDL,EQ,147.3,148.85,151.15,146.65,147.95,148.0,148.53,14282136,212128030710000.0,79516,4077156,0.28550000000000003,12752096.0,16635258.4,-4.849999999999994,10.031254189086251,0,1,5,0.004740950295530368,0.004740950295530368,0.08564607619450126,-0.6912873440275683
2019-02-19,VEDL,EQ,148.0,148.1,154.4,147.85,152.95,153.1,152.07,12575548,191235991030000.0,74635,3089790,0.2457,11970775.0,15357294.0,-4.849999999999994,10.030998054515653,0,0,0,0.033879028899522934,0.0,0.08564607619450126,-0.6574083151280454
2019-02-20,VEDL,EQ,153.1,154.0,160.9,154.0,160.2,160.25,158.39,17251557,273240644835000.0,110611,4171196,0.24180000000000001,11662508.2,15310155.0,2.4000000000000057,10.040828319084696,0,0,0,0.04564379313714132,0.0,0.08564607619450126,-0.6117645219909041
2019-02-21,VEDL,EQ,160.25,161.7,165.6,160.3,164.4,164.6,163.68,14635838,239552460940000.0,109841,3911946,0.26730000000000004,13637729.2,14157056.8,8.5,10.001587891606773,0,0,0,0.02678319244218999,0.0,0.08564607619450126,-0.5849813295487142
2019-02-22,VEDL,EQ,164.6,164.45,170.0,163.6,169.65,169.65,167.83,14190345,238163604450000.0,84174,5204970,0.3668,14572301.4,14262248.6,17.299999999999983,10.12240662634587,0,0,0,0.03021920298726974,0.0,0.08564607619450126,-0.5547621265614444
2019-02-25,VEDL,EQ,169.65,171.0,171.8,167.4,170.9,171.25,170.22,10996421,187177282365000.0,85058,2730914,0.2483,14587084.8,12752096.0,21.650000000000006,10.408318885401325,0,0,0,0.009386985912095394,0.0,0.08564607619450126,-0.545375140649349
2019-02-26,VEDL,EQ,171.25,168.7,171.25,164.0,169.4,169.7,168.27,13247683,222922858669999.97,77608,4666182,0.3522,13929941.8,11970775.0,18.150000000000006,10.608434989634087,0,0,0,-0.009092304902154126,-0.0,0.08564607619450126,-0.5544674455515032
2019-02-27,VEDL,EQ,169.7,170.0,171.45,163.7,164.1,164.65,166.8,11006707,183592167960000.0,77459,3556104,0.32310000000000005,14064368.8,11662508.2,9.449999999999989,10.678358885374116,0,0,0,-0.03021016341780725,-0.0,0.08564607619450126,-0.5846776089693104
2019-02-28,VEDL,EQ,164.65,166.5,171.45,164.2,170.7,169.4,168.86,39036727,659169379925000.0,120002,27626221,0.7077,12815398.8,13637729.2,0.05000000000001137,10.680939125660274,0,0,0,0.028440773395580633,0.0,0.08564607619450126,-0.5562368355737298
2019-03-01,VEDL,EQ,169.4,172.45,174.8,172.0,173.6,173.45,173.21,11885411,205867613765000.0,88270,2454076,0.2065,17695576.6,14572301.4,-0.25,10.681786443107795,0,0,0,0.02362659119780455,0.0,0.08564607619450126,-0.5326102443759253
2019-03-05,VEDL,EQ,173.45,172.95,176.4,172.4,174.5,174.95,174.81,7667267,134028446900000.0,95591,2193220,0.28600000000000003,17234589.8,14587084.8,2.1999999999999886,10.431670455149948,0,0,0,0.008610845397938405,0.0,0.08564607619450126,-0.5239993989779869
2019-03-06,VEDL,EQ,174.95,177.65,180.0,176.1,178.6,178.5,178.41,11031028,196808415590000.0,77476,3977564,0.36060000000000003,16568759.0,13929941.8,5.25,10.133317122694363,0,0,0,0.020088382405996728,0.0,0.08564607619450126,-0.5039110165719901
2019-03-07,VEDL,EQ,178.5,178.95,178.95,172.6,175.85,176.05,175.34,9472601,166095027025000.0,69437,2417928,0.2553,16125428.0,14064368.8,13.849999999999994,10.070106413629302,0,0,0,-0.0138205556186322,-0.0,0.08564607619450126,-0.5177315721906223
2019-03-08,VEDL,EQ,176.05,174.8,174.8,171.25,172.15,172.35,172.95,5797559,100270123980000.0,50549,1471426,0.25379999999999997,15818606.8,12815398.8,6.650000000000006,9.855011787067136,0,0,0,-0.021240752638187185,-0.0,0.08564607619450126,-0.5389723248288094
2019-03-11,VEDL,EQ,172.35,174.0,178.75,172.55,176.65,177.1,176.62,9043700,159731587465000.0,57755,3612214,0.3994,9170773.2,17695576.6,-1.0999999999999943,9.813362565832605,0,0,0,0.027187251825913552,0.0,0.08564607619450126,-0.5117850730028959
2019-03-12,VEDL,EQ,177.1,178.9,180.35,177.3,178.3,178.45,179.01,10456226,187178351190000.0,57975,4385627,0.4194,8602431.0,17234589.8,2.1500000000000057,9.82017068450071,0,0,0,0.0075939051473815165,0.0,0.08564607619450126,-0.5041911678555143
2019-03-13,VEDL,EQ,178.45,178.0,178.3,171.0,172.0,171.6,172.86,9768953,168865772135000.0,59763,3466464,0.35479999999999995,9160222.8,16568759.0,-0.05000000000001137,9.811834793768282,0,0,0,-0.03914226288230736,-0.0,0.08564607619450126,-0.5433334307378217
2019-03-14,VEDL,EQ,171.6,171.7,174.7,171.4,173.5,173.6,173.21,6517558,112892444615000.02,39875,1122905,0.1723,8907807.8,16125428.0,-4.450000000000017,9.815375796178252,0,0,0,0.011587615172387829,0.0,0.08564607619450126,-0.5317458155654339
2019-03-15,VEDL,EQ,173.6,173.2,176.5,170.2,175.0,175.7,174.82,18224411,318592708545000.0,56993,12456089,0.6835,8316799.2,15818606.8,1.25,9.817485573190206,0,0,0,0.012024192966801591,0.0,0.08564607619450126,-0.5197216225986323
2019-03-18,VEDL,EQ,175.7,175.0,175.0,171.85,173.35,173.3,173.21,5902016,102231336845000.0,40225,1245205,0.21100000000000002,10802169.6,9170773.2,-1.4000000000000057,9.807588331944237,0,0,0,-0.01375379847149102,-0.0,0.08564607619450126,-0.5334754210701234
2019-03-19,VEDL,EQ,173.3,172.1,175.2,171.55,172.9,172.7,173.21,8901871,154186664630000.0,47819,3346289,0.37590000000000007,10173832.8,8602431.0,-5.149999999999977,9.814348326853287,0,0,0,-0.0034682115689276065,-0.0,0.08564607619450126,-0.536943632639051
2019-03-20,VEDL,EQ,172.7,174.25,175.45,172.55,174.0,174.55,174.23,5703096,99367490130000.0,43510,2032850,0.3564,9862961.8,9160222.8,1.0999999999999943,9.80252977036998,0,0,0,0.01065524839841219,0.0,0.08564607619450126,-0.5262883842406388
2019-03-22,VEDL,EQ,174.55,174.2,176.6,173.05,173.2,173.9,174.95,6311803,110424597630000.0,44789,2253477,0.35700000000000004,9049790.4,8907807.8,0.950000000000017,9.792573600809572,0,0,0,-0.003730812190807688,-0.0,0.08564607619450126,-0.5300191964314466
2019-03-25,VEDL,EQ,173.9,170.7,171.0,167.75,168.2,168.25,169.05,8243613,139357133765000.02,54346,3175073,0.38520000000000004,9008639.4,8316799.2,-1.799999999999983,9.755330827063446,0,0,0,-0.03302945283540018,-0.0,0.08564607619450126,-0.5630486492668467
2019-03-26,VEDL,EQ,168.25,170.0,174.35,169.0,174.25,173.6,172.12,8106156,139525689050000.0,51963,3099068,0.3823,7012479.8,10802169.6,-5.050000000000011,9.759176606164212,0,0,0,0.0313028337014125,0.0,0.08564607619450126,-0.5317458155654342
2019-03-27,VEDL,EQ,173.6,175.3,177.25,173.4,174.7,175.45,175.54,8484488,148939948170000.0,54791,2891477,0.3408,7453307.8,10173832.8,0.9000000000000057,9.761682705477783,0,0,0,0.010600299802974247,0.0,0.08564607619450126,-0.5211455157624599
2019-03-28,VEDL,EQ,175.45,177.0,178.95,175.65,177.95,178.05,177.53,9758852,173245680005000.0,80033,4087425,0.41880000000000006,7369831.2,9862961.8,0.8999999999999773,9.731475850158702,0,0,0,0.014710307694562828,0.0,0.08564607619450126,-0.5064352080678971
2019-03-29,VEDL,EQ,178.05,178.6,185.4,178.55,184.8,184.45,183.66,16393058,301073528885000.0,114023,5761953,0.3515,8180982.4,9049790.4,4.150000000000006,9.689153886191654,0,0,0,0.03531401431889784,0.0,0.08564607619450126,-0.47112119374899925
2019-04-01,VEDL,EQ,184.45,187.4,193.4,187.0,188.45,188.9,191.4,15788197,302191163900000.0,135815,4567565,0.2893,10197233.4,9008639.4,16.19999999999999,9.718976803193323,0,0,0,0.0238393504647793,0.0,0.08564607619450126,-0.44728184328421994
2019-04-02,VEDL,EQ,188.9,190.6,190.8,186.35,188.1,187.9,188.71,8097137,152800280505000.0,68912,2434851,0.3007,11706150.2,7012479.8,15.300000000000011,9.78086437020178,0,0,0,-0.0053078680880442675,-0.0,0.08564607619450126,-0.4525897113722642
2019-04-03,VEDL,EQ,187.9,188.8,191.0,185.05,185.6,185.8,188.62,5974559,112690217084999.98,46529,1274091,0.2133,11704346.4,7453307.8,12.450000000000017,9.876155794783115,0,0,0,-0.01123908003968141,-0.0,0.08564607619450126,-0.46382879141194566
2019-04-04,VEDL,EQ,185.8,185.25,189.15,183.4,187.55,187.2,186.33,6366506,118630253834999.98,47310,945459,0.1485,11202360.6,7369831.2,7.75,9.91571473658725,0,0,0,0.007506737663753351,0.0,0.08564607619450126,-0.4563220537481923
2019-04-05,VEDL,EQ,187.2,188.7,192.3,186.7,192.1,191.7,190.08,7281070,138402047220000.0,53698,2031450,0.27899999999999997,10523891.4,8180982.4,2.75,9.795922298939926,0,0,0,0.023754086008107054,0.0,0.08564607619450126,-0.4325679677400852
2019-04-08,VEDL,EQ,191.7,194.1,195.1,185.2,186.55,186.65,189.36,10956365,207466875300000.0,81548,3070941,0.2803,8701493.8,10197233.4,2.799999999999983,9.626461255992833,0,0,0,-0.026696444691005822,-0.0,0.08564607619450126,-0.45926441243109106
2019-04-09,VEDL,EQ,186.65,186.9,190.95,184.1,190.0,190.0,187.48,8889015,166655368165000.0,80346,2349016,0.2643,7735127.4,11706150.2,-1.25,9.626022495865513,0,0,0,0.017788866799893305,0.0,0.08564607619450126,-0.44147554563119773
2019-04-10,VEDL,EQ,190.0,188.9,191.75,185.55,189.0,188.5,188.79,10063947,189995951060000.0,55956,3384330,0.33630000000000004,7893503.0,11704346.4,4.199999999999989,9.625895878547944,0,0,0,-0.007926065272420716,-0.0,0.08564607619450126,-0.44940161090361846
2019-04-11,VEDL,EQ,188.5,188.45,188.45,179.4,181.35,181.15,181.85,17571817,319547158210000.0,110111,4567817,0.26,8711380.6,11202360.6,1.3000000000000114,9.627510285267375,0,0,0,-0.0397725895469792,-0.0,0.08564607619450126,-0.4891742004505977
2019-04-12,VEDL,EQ,181.15,181.45,184.5,179.7,183.8,183.9,182.21,7716220,140594616845000.0,52957,1263543,0.1638,10952442.8,10523891.4,-10.549999999999983,9.668297602750618,0,0,0,0.015066714269189256,0.0,0.08564607619450126,-0.4741074861814084
2019-04-15,VEDL,EQ,183.9,184.9,187.95,183.7,185.35,184.7,185.8,6503139,120830653215000.02,54808,1902150,0.2925,11039472.8,8701493.8,-2.75,9.647673019799619,0,0,0,0.0043407555949188424,0.0,0.08564607619450126,-0.46976673058648954
2019-04-16,VEDL,EQ,184.7,185.2,189.75,184.3,185.0,184.95,186.76,7726060,144292935580000.0,68520,2130921,0.2758,10148827.6,7735127.4,-5.300000000000011,9.655640053796779,0,0,0,0.0013526310732688152,0.0,0.08564607619450126,-0.4684140995132207
2019-04-18,VEDL,EQ,184.95,185.3,186.9,178.0,178.4,178.6,180.01,10531473,189574081625000.0,84088,3696307,0.35100000000000003,9916236.6,7893503.0,-3.5500000000000114,9.64754451409865,0,0,0,-0.034936849836064335,-0.0,0.08564607619450126,-0.503350949349285
2019-04-22,VEDL,EQ,178.6,178.9,179.45,174.7,175.25,175.0,176.55,5178537,91425531480000.0,38164,1531549,0.2957,10009741.8,8711380.6,-2.5500000000000114,9.628088367171356,0,0,0,-0.0203626945188846,-0.0,0.08564607619450126,-0.5237136438681697
2019-04-23,VEDL,EQ,175.0,175.2,176.35,174.0,174.7,174.8,175.14,4511939,79022870415000.0,29375,1154564,0.2559,7531085.8,10952442.8,-8.900000000000006,9.548232212500814,0,0,0,-0.0011435107020789379,-0.0,0.08564607619450126,-0.5248571545702486
2019-04-24,VEDL,EQ,174.8,174.95,176.0,171.05,175.0,174.8,173.02,6493237,112348714409999.98,56813,1759777,0.271,6890229.6,11039472.8,-9.899999999999977,9.544794167873423,1,1,1,0.0,0.0,0.08564607619450126,-0.5248571545702486
2019-04-25,VEDL,EQ,174.8,174.6,175.25,170.0,170.35,170.45,171.94,7201390,123822802900000.0,56948,2621395,0.364,6888249.2,10148827.6,-10.149999999999977,9.555905295161773,1,1,2,-0.025200464637523113,-0.025200464637523113,0.060445611556978154,-0.5500576192077717
2019-04-26,VEDL,EQ,170.45,171.5,172.7,168.0,169.7,169.7,170.34,14527641,247460507515000.0,85395,5707528,0.3929,6783315.2,9916236.6,-8.150000000000006,9.584118544906886,0,1,3,-0.004409826343731449,-0.004409826343731449,0.0560357852132467,-0.5544674455515032
2019-04-30,VEDL,EQ,169.7,170.0,170.35,163.5,167.35,166.85,165.74,11940661,197901530580000.0,74320,5021412,0.4205,7582548.8,10009741.8,-5.300000000000011,9.593830232777384,0,1,4,-0.016936967042797554,-0.016936967042797554,0.03909881817044915,-0.5714044125943007
2019-05-02,VEDL,EQ,166.85,165.9,169.2,164.2,168.3,168.3,167.62,9231942,154742734090000.0,57909,3648072,0.39520000000000005,8934973.6,7531085.8,-7.950000000000017,9.576940885124621,0,1,5,0.00865289599937739,0.00865289599937739,0.04775171416982654,-0.5627515165949234
2019-05-03,VEDL,EQ,168.3,168.7,169.0,165.8,167.7,167.7,167.49,5109761,85585521175000.0,43804,955006,0.1869,9878974.2,6890229.6,-6.5,9.481450524070874,0,0,0,-0.0035714323675972446,-0.0,0.04775171416982654,-0.5663229489625207
2019-05-06,VEDL,EQ,167.7,164.0,168.25,163.05,166.3,166.75,165.9,6683022,110869411020000.0,45210,1826692,0.2733,9602279.0,6888249.2,-2.75,9.482147113860274,0,0,0,-0.005680984033429975,-0.0,0.04775171416982654,-0.5720039329959506
2019-05-07,VEDL,EQ,166.75,167.3,170.25,162.5,162.55,163.5,166.86,12885013,215000259660000.0,88211,2850084,0.2212,9498605.4,6783315.2,-2.9499999999999886,9.483202108055172,0,0,0,-0.019682694458425028,-0.0,0.04775171416982654,-0.5916866274543757
2019-05-08,VEDL,EQ,163.5,160.5,163.45,156.0,160.3,159.4,159.2,26136247,416088777595000.0,169538,5080616,0.19440000000000002,9170079.8,7582548.8,-3.3499999999999943,9.466627400686804,0,0,0,-0.025396223981193438,-0.0,0.04775171416982654,-0.6170828514355692
2019-05-09,VEDL,EQ,159.4,159.0,160.5,156.65,157.45,157.15,158.32,6761852,107052409385000.0,62295,1632358,0.2414,12009197.0,8934973.6,-8.900000000000006,9.415783694189106,0,0,0,-0.014216003112538048,-0.0,0.04775171416982654,-0.6312988545481072
2019-05-10,VEDL,EQ,157.15,158.4,159.55,153.85,155.4,155.95,156.48,8803987,137766391170000.0,88570,1760477,0.2,11515179.0,9878974.2,-10.549999999999983,9.454989744077245,0,0,0,-0.00766532018976441,-0.0,0.04775171416982654,-0.6389641747378716
2019-05-13,VEDL,EQ,155.95,156.3,157.95,152.8,153.6,154.2,155.05,7263166,112617767305000.0,56438,2165501,0.2981,12254024.2,9602279.0,-10.800000000000011,9.487202917188977,0,0,0,-0.011284981924583156,-0.0,0.04775171416982654,-0.6502491566624548
2019-05-14,VEDL,EQ,154.2,153.3,161.85,153.3,161.35,160.75,158.35,20739113,328397100895000.0,105122,8685664,0.41880000000000006,12370053.0,9498605.4,-9.300000000000011,9.497101245680543,0,0,0,0.04159990198849972,0.0,0.04775171416982654,-0.608649254673955
2019-05-15,VEDL,EQ,160.75,161.7,163.2,159.2,159.55,160.05,161.71,11518834,186268260600000.0,84232,4694074,0.40750000000000003,13940873.0,9170079.8,1.3499999999999943,9.440983874318999,0,0,0,-0.00436409670185661,-0.0,0.04775171416982654,-0.6130133513758116
2019-05-16,VEDL,EQ,160.05,161.3,164.1,158.85,163.15,163.5,161.27,8828869,142383862095000.0,121272,3979809,0.4508,11017390.4,12009197.0,2.9000000000000057,9.352058002861655,0,0,0,0.02132672392143604,0.0,0.04775171416982654,-0.5916866274543755
2019-05-17,VEDL,EQ,163.5,163.15,164.3,159.35,160.75,160.95,161.06,8405798,135385009309999.98,66783,3752916,0.4465,11430793.8,11515179.0,7.550000000000011,9.333366666607136,0,0,0,-0.015719232592490997,-0.0,0.04775171416982654,-0.6074058600468665
2019-05-20,VEDL,EQ,160.95,165.0,168.0,164.0,167.0,167.1,166.53,7540373,125567905175000.0,71288,3476607,0.4611,11351156.0,12254024.2,6.75,9.33827622089739,0,0,0,0.037498677856530986,0.0,0.04775171416982654,-0.5699071821903355
2019-05-21,VEDL,EQ,167.1,168.4,168.75,163.8,165.4,165.45,165.58,7394826,122443001225000.0,75860,3662954,0.4953,11406597.4,12370053.0,6.349999999999994,9.369141523041892,0,0,0,-0.009923401233726887,-0.0,0.04775171416982654,-0.5798305834240625
2019-05-22,VEDL,EQ,165.45,165.45,167.9,164.7,166.5,166.3,166.44,6597051,109800977150000.0,58022,3185980,0.4829,8737740.0,13940873.0,5.399999999999977,9.388320489638255,0,0,0,0.005124351831261006,0.0,0.04775171416982654,-0.5747062315928014
2019-05-23,VEDL,EQ,166.3,168.45,168.45,156.0,157.0,157.35,162.42,14249085,231430673675000.0,89818,5751849,0.4037,7753383.4,11017390.4,2.8000000000000114,9.337713731276656,0,0,0,-0.05532076268846626,-0.0,0.04775171416982654,-0.6300269942812677
2019-05-24,VEDL,EQ,157.35,159.0,164.6,155.55,164.4,163.9,159.82,10456712,167120239620000.0,106535,2297814,0.2197,8837426.6,11430793.8,-3.5999999999999943,9.29614963196042,0,0,0,0.04078386223936811,0.0,0.04775171416982654,-0.5892431320418996
